ID,Date,Primary Type,Description,Location Description,Arrest,Domestic,Beat,District,Ward,Latitude,Longitude
11554052,01/01/2019 04:00:00 PM,BATTERY,SIMPLE,STREET,True,False,1115,11.0,28.0,41.87862256,-87.72559838
12411172,01/01/2019 05:00:00 PM,DECEPTIVE PRACTICE,FINANCIAL IDENTITY THEFT OVER $ 300,,False,False,321,3.0,5.0,,
12907080,01/01/2019 08:00:00 AM,DECEPTIVE PRACTICE,FINANCIAL IDENTITY THEFT OVER $ 300,RESIDENCE,False,False,914,9.0,25.0,,
12377042,01/01/2019 10:00:00 AM,DECEPTIVE PRACTICE,CREDIT CARD FRAUD,APARTMENT,False,False,323,3.0,8.0,,
12662826,01/01/2019 10:35:00 AM,DECEPTIVE PRACTICE,FINANCIAL IDENTITY THEFT OVER $ 300,,False,False,632,6.0,9.0,,
13211437,01/01/2019 12:00:00 AM,SEX OFFENSE,AGGRAVATED CRIMINAL SEXUAL ABUSE,RESIDENCE,False,False,1112,11.0,27.0,,
12493491,01/01/2019 12:00:00 AM,DECEPTIVE PRACTICE,FINANCIAL IDENTITY THEFT OVER $ 300,RESIDENCE,False,False,632,6.0,6.0,,
12291164,01/01/2019 12:00:00 AM,DECEPTIVE PRACTICE,FINANCIAL IDENTITY THEFT OVER $ 300,RESIDENCE,False,False,2533,25.0,37.0,,
12812441,01/01/2019 12:00:00 AM,OFFENSE INVOLVING CHILDREN,CRIMINAL SEXUAL ABUSE BY FAMILY MEMBER,APARTMENT,False,True,1111,11.0,28.0,,
12430502,01/01/2019 12:01:00 AM,DECEPTIVE PRACTICE,FINANCIAL IDENTITY THEFT $300 AND UNDER,APARTMENT,False,False,222,2.0,4.0,,
12626574,01/01/2019 12:01:00 AM,DECEPTIVE PRACTICE,FINANCIAL IDENTITY THEFT OVER $ 300,RESIDENCE,False,False,2213,22.0,19.0,,
12215772,01/01/2019 12:01:00 AM,CRIMINAL SEXUAL ASSAULT,NON-AGGRAVATED,SCHOOL - PUBLIC BUILDING,False,False,234,2.0,5.0,,
12575457,01/01/2019 12:01:00 AM,DECEPTIVE PRACTICE,FINANCIAL IDENTITY THEFT OVER $ 300,RESIDENCE,False,False,1612,16.0,41.0,,
12240599,01/01/2019 12:01:00 AM,DECEPTIVE PRACTICE,THEFT OF LOST / MISLAID PROPERTY,RESIDENCE,False,False,2411,24.0,50.0,,
13210699,01/01/2019 12:01:00 AM,SEX OFFENSE,CRIMINAL SEXUAL ABUSE,HOSPITAL BUILDING / GROUNDS,False,False,722,7.0,20.0,,
12649018,01/02/2019 12:00:00 AM,DECEPTIVE PRACTICE,EMBEZZLEMENT,FACTORY / MANUFACTURING BUILDING,False,False,1223,12.0,27.0,,
24369,01/03/2019 02:37:00 PM,HOMICIDE,FIRST DEGREE MURDER,AUTO,False,False,224,2.0,3.0,41.802908524,-87.62104831
24368,01/03/2019 02:37:00 PM,HOMICIDE,FIRST DEGREE MURDER,AUTO,False,False,224,2.0,3.0,41.802908524,-87.62104831
24370,01/05/2019 04:23:00 PM,HOMICIDE,FIRST DEGREE MURDER,STREET,True,False,1433,14.0,2.0,41.904788891,-87.66155984
24372,01/06/2019 10:23:00 PM,HOMICIDE,FIRST DEGREE MURDER,STREET,True,False,812,8.0,13.0,41.77783091,-87.773112387
24371,01/06/2019 12:10:00 AM,HOMICIDE,FIRST DEGREE MURDER,APARTMENT,True,False,734,7.0,17.0,41.764064647,-87.659514616
11561222,01/07/2019 02:30:00 AM,BATTERY,SIMPLE,SIDEWALK,False,False,623,6.0,6.0,41.758172871,-87.62845198
24373,01/07/2019 03:45:00 PM,HOMICIDE,FIRST DEGREE MURDER,PARKING LOT,True,False,622,6.0,21.0,41.736129473,-87.629162044
24374,01/07/2019 05:07:00 PM,HOMICIDE,FIRST DEGREE MURDER,PARKING LOT,False,False,714,7.0,16.0,41.779309922,-87.674302688
11561398,01/08/2019 08:30:00 PM,THEFT,OVER $500,STREET,False,False,1933,19.0,32.0,41.933221534,-87.659637153
11561121,01/09/2019 03:20:00 AM,THEFT,OVER $500,APARTMENT,False,True,724,7.0,16.0,41.77002,-87.653033473
24375,01/11/2019 07:00:00 PM,HOMICIDE,FIRST DEGREE MURDER,APARTMENT,True,False,222,2.0,4.0,41.810836292,-87.60392204
24376,01/11/2019 08:00:00 PM,HOMICIDE,FIRST DEGREE MURDER,ALLEY,False,False,2533,25.0,37.0,41.910469919,-87.751645139
24377,01/11/2019 08:57:00 PM,HOMICIDE,FIRST DEGREE MURDER,AUTO,False,False,1115,11.0,28.0,41.878455417,-87.73295131
24378,01/11/2019 10:30:00 PM,HOMICIDE,FIRST DEGREE MURDER,STREET,True,False,111,1.0,4.0,41.875679322,-87.62657476
11565231,01/12/2019 10:30:00 PM,THEFT,OVER $500,STREET,False,False,1432,14.0,32.0,41.92301979,-87.682699405
24379,01/12/2019 12:45:00 PM,HOMICIDE,FIRST DEGREE MURDER,APARTMENT,True,False,422,4.0,7.0,41.751064764,-87.56258312
11566267,01/13/2019 10:00:00 PM,THEFT,$500 AND UNDER,STREET,False,False,814,8.0,22.0,41.80853006,-87.752960732
24381,01/15/2019 01:22:00 PM,HOMICIDE,FIRST DEGREE MURDER,STREET,False,False,1122,11.0,37.0,41.890532455,-87.723502246
11567279,01/15/2019 10:00:00 AM,THEFT,OVER $500,STREET,False,False,1524,15.0,37.0,41.896721939,-87.759960813
12925061,01/16/2019 03:20:00 AM,THEFT,OVER $500,APARTMENT,False,False,331,3.0,5.0,,
11570044,01/17/2019 01:45:00 PM,THEFT,OVER $500,STREET,False,False,2534,25.0,26.0,41.907786605,-87.728903688
12509305,01/18/2019 12:00:00 AM,DECEPTIVE PRACTICE,FORGERY,RESIDENCE,False,False,1724,17.0,33.0,,
24383,01/19/2019 01:22:00 AM,HOMICIDE,FIRST DEGREE MURDER,STREET,False,False,1023,10.0,24.0,41.852534276,-87.690560725
24384,01/19/2019 01:50:00 AM,HOMICIDE,FIRST DEGREE MURDER,APARTMENT,False,True,1732,17.0,30.0,41.942746559,-87.726537284
11571824,01/19/2019 02:35:00 PM,THEFT,OVER $500,OTHER,False,False,1831,18.0,42.0,41.893106637,-87.640310047
12615457,01/19/2019 12:00:00 PM,CRIMINAL SEXUAL ASSAULT,NON-AGGRAVATED,SCHOOL - PUBLIC GROUNDS,False,False,222,2.0,4.0,,
24382,01/19/2019 12:18:00 AM,HOMICIDE,FIRST DEGREE MURDER,STREET,False,False,2221,22.0,21.0,41.735716764,-87.668604253
11572286,01/20/2019 04:00:00 AM,THEFT,OVER $500,STREET,False,False,332,3.0,5.0,41.76623799,-87.5770382
24385,01/20/2019 11:23:00 AM,HOMICIDE,FIRST DEGREE MURDER,PORCH,False,False,611,6.0,17.0,41.750341579,-87.664414911
12653855,01/22/2019 01:45:00 AM,DECEPTIVE PRACTICE,FINANCIAL IDENTITY THEFT OVER $ 300,,False,False,1114,11.0,28.0,,
24387,01/22/2019 05:26:00 AM,HOMICIDE,FIRST DEGREE MURDER,ALLEY,False,False,1131,11.0,24.0,41.872461439,-87.733374572
11576141,01/24/2019 03:15:00 PM,THEFT,FROM BUILDING,OTHER,False,False,1832,18.0,42.0,41.89364542,-87.634122793
11576041,01/24/2019 09:40:00 AM,THEFT,OVER $500,STREET,False,False,1122,11.0,28.0,41.88074666,-87.724054318
12980651,01/24/2019 12:00:00 AM,CRIMINAL SEXUAL ASSAULT,NON-AGGRAVATED,APARTMENT,False,False,831,8.0,17.0,,
24388,01/25/2019 02:51:00 AM,HOMICIDE,FIRST DEGREE MURDER,ALLEY,False,True,513,5.0,9.0,41.699161184,-87.611102829
11576969,01/25/2019 12:55:00 PM,THEFT,OVER $500,CTA TRAIN,False,False,1122,11.0,28.0,41.884994578,-87.71733391
12929410,01/27/2019 12:00:00 AM,OFFENSE INVOLVING CHILDREN,AGGRAVATED SEXUAL ASSAULT OF CHILD BY FAMILY MEMBER,RESIDENCE,False,True,1414,14.0,1.0,,
11579558,01/28/2019 03:30:00 PM,ASSAULT,SIMPLE,STREET,False,False,1225,12.0,27.0,41.877039418,-87.6777536
24389,01/28/2019 09:00:00 PM,HOMICIDE,FIRST DEGREE MURDER,AUTO,False,False,832,8.0,17.0,41.767805108,-87.683328051
24798,01/28/2019 09:15:00 AM,HOMICIDE,FIRST DEGREE MURDER,ALLEY,False,False,722,7.0,20.0,41.775380274,-87.631698738
12774843,01/28/2019 10:10:00 AM,DECEPTIVE PRACTICE,FINANCIAL IDENTITY THEFT OVER $ 300,,False,False,232,2.0,20.0,,
24390,01/29/2019 02:00:00 PM,HOMICIDE,FIRST DEGREE MURDER,STREET,True,False,813,8.0,13.0,41.79260989,-87.726822279
11580604,01/29/2019 05:47:00 PM,THEFT,OVER $500,STREET,False,False,1935,19.0,43.0,41.92997759,-87.648918387
13179880,01/30/2019 12:00:00 AM,DECEPTIVE PRACTICE,FINANCIAL IDENTITY THEFT OVER $ 300,RESIDENCE,False,False,832,8.0,17.0,,
24391,01/31/2019 11:45:00 AM,HOMICIDE,FIRST DEGREE MURDER,HOUSE,True,True,332,3.0,5.0,41.767852431,-87.588925347
12569190,01/31/2019 12:00:00 AM,THEFT,OVER $500,SCHOOL - PUBLIC GROUNDS,False,False,1524,15.0,37.0,,
24393,02/01/2019 02:16:00 AM,HOMICIDE,FIRST DEGREE MURDER,HOUSE,False,False,414,4.0,8.0,41.753370301,-87.580429004
12689565,02/01/2019 12:01:00 AM,OTHER OFFENSE,HARASSMENT BY ELECTRONIC MEANS,APARTMENT,False,False,1922,19.0,32.0,,
24607,02/02/2019 05:03:00 PM,HOMICIDE,FIRST DEGREE MURDER,RESTAURANT,True,False,831,8.0,17.0,41.77327712,-87.703006844
24395,02/03/2019 02:34:00 AM,HOMICIDE,FIRST DEGREE MURDER,STREET,False,False,323,3.0,8.0,41.758626359,-87.601350551
24396,02/03/2019 02:40:00 AM,HOMICIDE,FIRST DEGREE MURDER,STREET,False,False,323,3.0,8.0,41.758626359,-87.601350551
24394,02/03/2019 05:45:00 AM,HOMICIDE,FIRST DEGREE MURDER,STREET,False,False,311,3.0,20.0,41.784611316,-87.622204191
12914696,02/05/2019 08:00:00 PM,CRIMINAL SEXUAL ASSAULT,NON-AGGRAVATED,APARTMENT,False,False,1421,14.0,26.0,,
24397,02/05/2019 11:16:00 PM,HOMICIDE,FIRST DEGREE MURDER,STREET,True,False,611,6.0,17.0,41.751181266,-87.663460692
12319016,02/06/2019 04:00:00 PM,DECEPTIVE PRACTICE,FRAUD OR CONFIDENCE GAME,APARTMENT,False,False,323,3.0,6.0,,
24398,02/06/2019 06:45:00 PM,HOMICIDE,FIRST DEGREE MURDER,STREET,True,False,1132,11.0,24.0,41.867073203,-87.72582526
24399,02/06/2019 10:00:00 PM,HOMICIDE,FIRST DEGREE MURDER,STREET,False,False,732,7.0,6.0,41.764608158,-87.641529674
11589974,02/08/2019 05:03:00 PM,ASSAULT,SIMPLE,STREET,False,False,1833,18.0,2.0,41.89833738,-87.627283663
24401,02/09/2019 08:35:00 PM,HOMICIDE,FIRST DEGREE MURDER,STREET,False,False,1511,15.0,29.0,41.894738195,-87.773377429
24400,02/09/2019 12:07:00 AM,HOMICIDE,FIRST DEGREE MURDER,STREET,True,True,1223,12.0,27.0,41.884156374,-87.672682817
24402,02/10/2019 05:00:00 PM,HOMICIDE,FIRST DEGREE MURDER,STREET,False,False,722,7.0,6.0,41.77376522,-87.633267065
11591481,02/10/2019 09:53:00 AM,BATTERY,SIMPLE,OTHER,False,False,2534,25.0,26.0,41.909806865,-87.73213594
24403,02/10/2019 10:00:00 PM,HOMICIDE,FIRST DEGREE MURDER,STREET,False,False,332,3.0,5.0,41.767311251,-87.581255746
24404,02/10/2019 11:58:00 PM,HOMICIDE,FIRST DEGREE MURDER,STREET,False,False,1235,12.0,11.0,41.85524189,-87.645391738
24548,02/13/2019 08:18:00 PM,HOMICIDE,FIRST DEGREE MURDER,STREET,False,False,1011,10.0,24.0,41.866193999,-87.723557378
24406,02/13/2019 08:54:00 PM,HOMICIDE,FIRST DEGREE MURDER,STREET,False,False,1532,15.0,37.0,41.892241945,-87.748798864
24407,02/14/2019 01:39:00 AM,HOMICIDE,FIRST DEGREE MURDER,APARTMENT,True,True,1133,11.0,28.0,41.87603825,-87.714438372
11595833,02/14/2019 05:30:00 PM,ASSAULT,SIMPLE,CTA TRAIN,False,False,1214,12.0,42.0,41.885700244,-87.641726854
24409,02/14/2019 11:30:00 PM,HOMICIDE,FIRST DEGREE MURDER,AUTO,False,False,2412,24.0,50.0,41.999979246,-87.707036051
24410,02/16/2019 01:14:00 PM,HOMICIDE,FIRST DEGREE MURDER,STREET,False,False,1134,11.0,24.0,41.87217952,-87.708299898
11597218,02/16/2019 02:20:00 AM,BATTERY,SIMPLE,SIDEWALK,False,False,1824,18.0,2.0,41.90316534,-87.629210442
11598334,02/17/2019 03:10:00 AM,BATTERY,SIMPLE,STREET,False,False,1924,19.0,44.0,41.945993724,-87.655543789
24411,02/17/2019 07:14:00 PM,HOMICIDE,FIRST DEGREE MURDER,STREET,False,False,923,9.0,14.0,41.802068832,-87.687929512
12277930,02/18/2019 05:00:00 AM,OTHER OFFENSE,OTHER CRIME AGAINST PERSON,RESIDENCE,False,False,433,4.0,10.0,,
13020065,02/19/2019 09:00:00 AM,DECEPTIVE PRACTICE,ILLEGAL USE CASH CARD,RESIDENCE,False,False,633,6.0,9.0,,
12400494,02/20/2019 12:50:00 AM,DECEPTIVE PRACTICE,FINANCIAL IDENTITY THEFT OVER $ 300,,False,False,511,5.0,8.0,,
24415,02/21/2019 03:24:00 PM,HOMICIDE,FIRST DEGREE MURDER,STREET,False,False,1011,10.0,24.0,41.862832799,-87.716970311
24414,02/21/2019 11:57:00 AM,HOMICIDE,FIRST DEGREE MURDER,STREET,False,False,1131,11.0,28.0,41.873781921,-87.737687526
11604115,02/22/2019 08:30:00 PM,BATTERY,SIMPLE,STREET,False,False,1831,18.0,42.0,41.89246019,-87.628780784
24416,02/22/2019 12:56:00 PM,HOMICIDE,FIRST DEGREE MURDER,STREET,True,False,822,8.0,14.0,41.792728507,-87.705984683
24417,02/23/2019 12:43:00 AM,HOMICIDE,FIRST DEGREE MURDER,STREET,False,True,1524,15.0,37.0,41.896721646,-87.759902047
11606138,02/24/2019 07:51:00 AM,ASSAULT,SIMPLE,OTHER,False,False,1122,11.0,28.0,41.87855794,-87.720667487
24419,02/25/2019 06:25:00 AM,HOMICIDE,FIRST DEGREE MURDER,STREET,True,False,1731,17.0,45.0,41.946243255,-87.737649422
24421,02/27/2019 12:01:00 PM,HOMICIDE,FIRST DEGREE MURDER,APARTMENT,True,False,723,7.0,20.0,41.775652068,-87.640762098
11610397,03/01/2019 02:40:00 PM,CRIMINAL DAMAGE,TO VEHICLE,STREET,False,False,835,8.0,18.0,41.735346079,-87.693218046
12675163,03/01/2019 08:00:00 AM,DECEPTIVE PRACTICE,FRAUD OR CONFIDENCE GAME,COMMERCIAL / BUSINESS OFFICE,False,False,212,2.0,3.0,,
12382804,03/01/2019 12:00:00 AM,OTHER OFFENSE,HARASSMENT BY ELECTRONIC MEANS,RESIDENCE,False,True,812,8.0,13.0,,
24422,03/02/2019 03:22:00 AM,HOMICIDE,FIRST DEGREE MURDER,APARTMENT,True,False,1212,12.0,1.0,41.899400259,-87.685624335
24423,03/02/2019 03:34:00 AM,HOMICIDE,FIRST DEGREE MURDER,STREET,False,True,1533,15.0,28.0,41.88012367,-87.74940138
24424,03/03/2019 01:35:00 AM,HOMICIDE,FIRST DEGREE MURDER,APARTMENT,False,False,733,7.0,6.0,41.762485723,-87.652834495
11615877,03/04/2019 12:15:00 PM,THEFT,RETAIL THEFT,SMALL RETAIL STORE,False,False,1611,16.0,41.0,42.012295923,-87.806631208
12264443,03/05/2019 11:30:00 AM,DECEPTIVE PRACTICE,FINANCIAL IDENTITY THEFT OVER $ 300,APARTMENT,False,False,331,3.0,5.0,,
24425,03/05/2019 11:53:00 AM,HOMICIDE,FIRST DEGREE MURDER,STREET,False,False,1131,11.0,28.0,41.876609629,-87.742688095
12634309,03/05/2019 12:00:00 PM,OTHER OFFENSE,HARASSMENT BY TELEPHONE,RESIDENCE,False,True,812,8.0,13.0,,
11613900,03/05/2019 12:01:00 AM,THEFT,OVER $500,STREET,False,False,1712,17.0,39.0,41.969142924,-87.72805557
24426,03/08/2019 01:04:00 AM,HOMICIDE,FIRST DEGREE MURDER,ALLEY,True,False,1831,18.0,42.0,41.893646347,-87.635628657
24427,03/08/2019 03:36:00 PM,HOMICIDE,FIRST DEGREE MURDER,STREET,True,False,1722,17.0,39.0,41.959119468,-87.728271764
11616661,03/08/2019 09:11:00 AM,THEFT,RETAIL THEFT,GROCERY FOOD STORE,True,False,2422,24.0,49.0,42.019399237,-87.675049485
24428,03/10/2019 06:39:00 AM,HOMICIDE,FIRST DEGREE MURDER,STREET,True,False,1532,15.0,37.0,41.892593987,-87.745725183
11619887,03/11/2019 06:00:00 PM,ASSAULT,AGGRAVATED: HANDGUN,APARTMENT,False,False,2211,22.0,19.0,41.683935861,-87.721810757
24429,03/12/2019 05:12:00 PM,HOMICIDE,FIRST DEGREE MURDER,RESTAURANT,True,False,221,2.0,4.0,41.809519024,-87.607384952
12739267,03/12/2019 08:00:00 AM,DECEPTIVE PRACTICE,FINANCIAL IDENTITY THEFT OVER $ 300,RESIDENCE,False,False,612,6.0,21.0,,
11623646,03/13/2019 05:00:00 PM,THEFT,RETAIL THEFT,GROCERY FOOD STORE,False,False,2422,24.0,49.0,42.019399237,-87.675049485
11621871,03/13/2019 05:19:00 PM,ASSAULT,AGGRAVATED: OTHER FIREARM,RESIDENCE,True,False,1512,15.0,29.0,41.882988527,-87.774750634
24430,03/13/2019 12:50:00 AM,HOMICIDE,FIRST DEGREE MURDER,STREET,False,False,611,6.0,17.0,41.750321833,-87.666210811
24432,03/14/2019 02:55:00 AM,HOMICIDE,FIRST DEGREE MURDER,HOTEL,True,False,2232,22.0,34.0,41.711714647,-87.642954141
24433,03/14/2019 04:36:00 PM,HOMICIDE,FIRST DEGREE MURDER,STREET,True,False,733,7.0,6.0,41.761514559,-87.647350443
12633618,03/14/2019 08:35:00 PM,ASSAULT,SIMPLE,APARTMENT,False,False,331,3.0,5.0,,
24434,03/14/2019 10:52:00 PM,HOMICIDE,FIRST DEGREE MURDER,STREET,False,False,1121,11.0,26.0,41.899227636,-87.708958174
11624281,03/15/2019 03:20:00 PM,ASSAULT,SIMPLE,STREET,False,False,422,4.0,7.0,41.749137925,-87.56376052
24435,03/15/2019 07:56:00 PM,HOMICIDE,FIRST DEGREE MURDER,STREET,False,False,731,7.0,6.0,41.7592783,-87.633303591
24436,03/16/2019 02:31:00 PM,HOMICIDE,FIRST DEGREE MURDER,STREET,True,False,412,4.0,8.0,41.741170915,-87.585745319
11630496,03/16/2019 11:35:00 AM,THEFT,FROM BUILDING,BAR OR TAVERN,False,False,1911,19.0,47.0,,
12414007,03/17/2019 01:00:00 AM,CRIMINAL SEXUAL ASSAULT,NON-AGGRAVATED,RESIDENCE,False,True,1732,17.0,30.0,,
24437,03/17/2019 01:54:00 PM,HOMICIDE,FIRST DEGREE MURDER,AUTO,False,False,923,9.0,14.0,41.793772993,-87.689420934
24438,03/17/2019 05:50:00 PM,HOMICIDE,FIRST DEGREE MURDER,STREET,False,False,1013,10.0,22.0,41.847896293,-87.725302041
11626483,03/18/2019 01:00:00 AM,THEFT,OVER $500,STREET,False,False,833,8.0,18.0,41.755008548,-87.730148696
11627017,03/18/2019 03:39:00 PM,ASSAULT,SIMPLE,SIDEWALK,False,False,1513,15.0,29.0,41.865503066,-87.771003981
24439,03/18/2019 07:42:00 PM,HOMICIDE,FIRST DEGREE MURDER,APARTMENT,True,False,311,3.0,20.0,41.784728458,-87.618968921
11632505,03/20/2019 01:00:00 AM,THEFT,OVER $500,OTHER,False,False,2433,24.0,48.0,,
12338518,03/20/2019 10:54:00 AM,DECEPTIVE PRACTICE,FINANCIAL IDENTITY THEFT OVER $ 300,APARTMENT,False,False,1733,17.0,33.0,,
24443,03/22/2019 03:20:00 PM,HOMICIDE,FIRST DEGREE MURDER,STREET,False,False,613,6.0,21.0,41.740913387,-87.647404863
11631758,03/22/2019 06:30:00 PM,BATTERY,SIMPLE,STREET,False,False,622,6.0,21.0,41.74652661,-87.643922505
24442,03/22/2019 11:55:00 AM,HOMICIDE,FIRST DEGREE MURDER,STREET,False,False,432,4.0,10.0,41.711483998,-87.536488614
24444,03/23/2019 03:50:00 AM,HOMICIDE,FIRST DEGREE MURDER,STREET,True,False,1832,18.0,42.0,41.895287937,-87.631214259
24446,03/24/2019 01:51:00 PM,HOMICIDE,FIRST DEGREE MURDER,STREET,True,False,1122,11.0,27.0,41.890402145,-87.71657313
13211898,03/24/2019 02:00:00 AM,CRIMINAL SEXUAL ASSAULT,NON-AGGRAVATED,APARTMENT,False,True,1421,14.0,26.0,,
24445,03/24/2019 02:33:00 AM,HOMICIDE,FIRST DEGREE MURDER,PARKING LOT,True,False,1412,14.0,35.0,41.931961083,-87.713056469
24447,03/25/2019 01:53:00 AM,HOMICIDE,FIRST DEGREE MURDER,STREET,False,False,524,5.0,34.0,41.680631865,-87.659049559
11634717,03/25/2019 09:55:00 PM,THEFT,RETAIL THEFT,GROCERY FOOD STORE,True,False,2422,24.0,49.0,42.019399237,-87.675049485
12536506,03/26/2019 03:15:00 PM,DECEPTIVE PRACTICE,FINANCIAL IDENTITY THEFT OVER $ 300,,False,False,1935,19.0,43.0,,
24449,03/26/2019 10:27:00 PM,HOMICIDE,FIRST DEGREE MURDER,STREET,False,False,925,9.0,3.0,41.813164917,-87.634620968
24448,03/26/2019 12:21:00 AM,HOMICIDE,FIRST DEGREE MURDER,BASEMENT,False,False,1522,15.0,28.0,41.8810902,-87.758760245
24450,03/27/2019 07:48:00 PM,HOMICIDE,FIRST DEGREE MURDER,GAS STATION,False,False,1112,11.0,27.0,41.902365801,-87.716854733
24453,03/28/2019 07:22:00 PM,HOMICIDE,FIRST DEGREE MURDER,STREET,True,False,1531,15.0,37.0,41.899453778,-87.752035309
11638354,03/28/2019 11:30:00 AM,BATTERY,SIMPLE,RESIDENCE,False,False,211,2.0,3.0,41.831050285,-87.622699469
24452,03/28/2019 12:05:00 PM,HOMICIDE,FIRST DEGREE MURDER,STREET,False,False,421,4.0,7.0,41.752656763,-87.56140233
24451,03/28/2019 12:55:00 AM,HOMICIDE,FIRST DEGREE MURDER,AUTO,False,False,423,4.0,7.0,41.740262274,-87.557553257
24455,03/29/2019 05:06:00 PM,HOMICIDE,FIRST DEGREE MURDER,STREET,False,False,633,6.0,8.0,41.727096769,-87.603034703
24456,03/29/2019 07:48:00 PM,HOMICIDE,FIRST DEGREE MURDER,STREET,False,False,822,8.0,23.0,41.787032553,-87.711250708
24454,03/29/2019 12:47:00 PM,HOMICIDE,FIRST DEGREE MURDER,STREET,False,False,911,9.0,12.0,41.823383662,-87.712326147
24457,03/31/2019 04:59:00 AM,HOMICIDE,FIRST DEGREE MURDER,HOUSE,False,False,1122,11.0,27.0,41.890607251,-87.721055519
24458,03/31/2019 07:35:00 PM,HOMICIDE,FIRST DEGREE MURDER,STREET,False,False,713,7.0,16.0,41.783122356,-87.663494988
12246741,04/01/2019 01:00:00 AM,DECEPTIVE PRACTICE,FINANCIAL IDENTITY THEFT OVER $ 300,,False,False,513,5.0,9.0,,
12980459,04/01/2019 07:00:00 AM,CRIMINAL SEXUAL ASSAULT,NON-AGGRAVATED,VEHICLE - COMMERCIAL,False,False,911,9.0,12.0,,
24460,04/01/2019 08:29:00 PM,HOMICIDE,FIRST DEGREE MURDER,STREET,False,False,1131,11.0,24.0,41.870932257,-87.744921277
24461,04/01/2019 08:50:00 PM,HOMICIDE,FIRST DEGREE MURDER,STREET,False,False,1131,11.0,24.0,41.870932257,-87.744921277
24463,04/01/2019 11:55:00 PM,HOMICIDE,FIRST DEGREE MURDER,STREET,False,False,621,6.0,17.0,41.753839308,-87.635594607
24462,04/01/2019 11:55:00 PM,HOMICIDE,FIRST DEGREE MURDER,STREET,False,False,621,6.0,17.0,41.753839308,-87.635594607
11644727,04/01/2019 12:00:00 AM,BATTERY,SIMPLE,SIDEWALK,False,False,2234,22.0,34.0,41.69308427,-87.657411012
12266111,04/01/2019 12:01:00 AM,SEX OFFENSE,AGGRAVATED CRIMINAL SEXUAL ABUSE,RESIDENCE,False,False,2521,25.0,31.0,,
12311687,04/01/2019 12:01:00 AM,DECEPTIVE PRACTICE,FINANCIAL IDENTITY THEFT OVER $ 300,APARTMENT,False,False,421,4.0,7.0,,
24464,04/02/2019 02:20:00 PM,HOMICIDE,FIRST DEGREE MURDER,HOUSE,True,True,724,7.0,6.0,41.775195873,-87.650742459
11642235,04/02/2019 08:20:00 AM,ASSAULT,SIMPLE,STREET,False,False,1823,18.0,27.0,41.899157702,-87.63578171
24467,04/03/2019 09:45:00 PM,HOMICIDE,FIRST DEGREE MURDER,ALLEY,True,False,624,6.0,6.0,41.750655655,-87.60764178
11644028,04/03/2019 10:42:00 PM,CRIMINAL DAMAGE,TO CITY OF CHICAGO PROPERTY,STREET,False,False,834,8.0,18.0,41.734564195,-87.738722778
24466,04/03/2019 11:17:00 AM,HOMICIDE,FIRST DEGREE MURDER,STREET,False,False,423,4.0,10.0,41.740547832,-87.552713184
24465,04/03/2019 12:22:00 AM,HOMICIDE,FIRST DEGREE MURDER,APARTMENT,False,False,311,3.0,20.0,41.783209684,-87.615696882
24468,04/04/2019 01:25:00 AM,HOMICIDE,FIRST DEGREE MURDER,STREET,False,False,512,5.0,9.0,41.70594268,-87.618607603
24469,04/05/2019 02:58:00 PM,HOMICIDE,FIRST DEGREE MURDER,STREET,False,False,1112,11.0,37.0,41.896145258,-87.723658214
12899792,04/05/2019 05:51:00 AM,DECEPTIVE PRACTICE,FINANCIAL IDENTITY THEFT OVER $ 300,,False,False,122,1.0,42.0,,
24470,04/06/2019 04:25:00 PM,HOMICIDE,FIRST DEGREE MURDER,STREET,True,False,2234,22.0,34.0,41.687128541,-87.664828494
24984,04/07/2019 01:30:00 AM,HOMICIDE,FIRST DEGREE MURDER,PARKING LOT,True,False,2222,22.0,21.0,41.721251124,-87.65959212
24473,04/07/2019 04:54:00 PM,HOMICIDE,FIRST DEGREE MURDER,STREET,False,False,1533,15.0,28.0,41.88038406,-87.754216822
24472,04/07/2019 06:21:00 AM,HOMICIDE,FIRST DEGREE MURDER,STREET,False,False,1115,11.0,28.0,41.880279732,-87.735464314
24471,04/07/2019 07:04:00 AM,HOMICIDE,FIRST DEGREE MURDER,STREET,False,False,321,3.0,20.0,41.77597783,-87.603396958
24474,04/07/2019 08:50:00 AM,HOMICIDE,FIRST DEGREE MURDER,APARTMENT,True,False,722,7.0,6.0,41.771835889,-87.637316874
24476,04/08/2019 01:30:00 PM,HOMICIDE,FIRST DEGREE MURDER,STREET,False,False,1532,15.0,37.0,41.890707155,-87.74811137
11649719,04/08/2019 03:00:00 PM,ASSAULT,SIMPLE,ALLEY,False,False,1922,19.0,47.0,41.939653639,-87.671849317
24477,04/08/2019 05:51:00 PM,HOMICIDE,FIRST DEGREE MURDER,STREET,False,False,832,8.0,16.0,41.774679832,-87.680952683
11648995,04/08/2019 09:04:00 PM,BURGLARY,HOME INVASION,RESIDENCE,False,False,2512,25.0,36.0,41.928223683,-87.781948443
24475,04/08/2019 09:50:00 PM,HOMICIDE,FIRST DEGREE MURDER,STREET,False,False,333,3.0,5.0,41.763868342,-87.578088688
11649770,04/09/2019 03:18:00 PM,BATTERY,SIMPLE,CTA BUS,False,False,1924,19.0,44.0,41.940412833,-87.651052567
24478,04/09/2019 10:49:00 PM,HOMICIDE,FIRST DEGREE MURDER,STREET,False,False,511,5.0,9.0,41.708089971,-87.622344981
24483,04/10/2019 05:40:00 PM,HOMICIDE,FIRST DEGREE MURDER,STREET,False,False,511,5.0,9.0,41.707339719,-87.612047712
24480,04/10/2019 09:53:00 AM,HOMICIDE,FIRST DEGREE MURDER,STREET,True,False,1121,11.0,27.0,41.89182673,-87.713066625
24481,04/10/2019 09:53:00 AM,HOMICIDE,FIRST DEGREE MURDER,STREET,True,False,1121,11.0,27.0,41.89182673,-87.713066625
11650889,04/10/2019 12:30:00 PM,THEFT,OVER $500,STREET,False,False,1224,12.0,28.0,41.880194,-87.665148099
24482,04/11/2019 08:34:00 PM,HOMICIDE,FIRST DEGREE MURDER,YARD,True,False,611,6.0,17.0,41.749683042,-87.665847295
11653322,04/12/2019 05:31:00 PM,ASSAULT,SIMPLE,STREET,False,False,2533,25.0,37.0,41.909650876,-87.74386414
24484,04/13/2019 01:00:00 PM,HOMICIDE,FIRST DEGREE MURDER,GAS STATION,False,False,825,8.0,16.0,41.784278913,-87.683777679
24485,04/13/2019 10:04:00 PM,HOMICIDE,FIRST DEGREE MURDER,BARBER SHOP/BEAUTY SALON,False,False,1113,11.0,28.0,41.880598157,-87.736537278
24486,04/14/2019 10:44:00 AM,HOMICIDE,FIRST DEGREE MURDER,AUTO,False,False,424,4.0,10.0,41.732838041,-87.545724652
13222866,04/15/2019 02:35:00 PM,DECEPTIVE PRACTICE,FINANCIAL IDENTITY THEFT OVER $ 300,,False,False,623,6.0,17.0,,
24487,04/15/2019 04:09:00 PM,HOMICIDE,FIRST DEGREE MURDER,STREET,False,False,324,3.0,7.0,41.764226888,-87.587182174
24488,04/15/2019 06:04:00 PM,HOMICIDE,FIRST DEGREE MURDER,STREET,True,False,522,5.0,34.0,41.687125001,-87.62395243
24489,04/15/2019 10:37:00 PM,HOMICIDE,FIRST DEGREE MURDER,STREET,False,False,823,8.0,23.0,41.782520097,-87.709072415
11657987,04/16/2019 01:45:00 PM,ASSAULT,SIMPLE,STREET,False,False,2213,22.0,19.0,41.720480471,-87.682050624
24490,04/16/2019 03:55:00 PM,HOMICIDE,FIRST DEGREE MURDER,PORCH,False,False,715,7.0,15.0,41.791586957,-87.669376799
24497,04/16/2019 09:02:00 AM,HOMICIDE,FIRST DEGREE MURDER,YARD,False,False,512,5.0,34.0,41.701619471,-87.629578967
24491,04/17/2019 01:52:00 PM,HOMICIDE,FIRST DEGREE MURDER,STREET,True,False,513,5.0,9.0,41.692584917,-87.622852604
11658475,04/17/2019 03:43:00 PM,THEFT,RETAIL THEFT,DEPARTMENT STORE,False,False,2422,24.0,49.0,42.019398266,-87.67488021
11659107,04/17/2019 10:54:00 PM,ASSAULT,SIMPLE,APARTMENT,False,False,1233,12.0,25.0,41.861559271,-87.65976218
24492,04/17/2019 10:55:00 PM,HOMICIDE,FIRST DEGREE MURDER,APARTMENT,True,False,2525,25.0,35.0,41.921718147,-87.723021662
24494,04/17/2019 11:06:00 AM,HOMICIDE,FIRST DEGREE MURDER,ALLEY,False,False,1133,11.0,24.0,41.872636192,-87.716630133
24493,04/17/2019 11:30:00 PM,HOMICIDE,FIRST DEGREE MURDER,STREET,False,False,623,6.0,6.0,41.757638586,-87.626357727
24495,04/18/2019 10:36:00 AM,HOMICIDE,FIRST DEGREE MURDER,HOUSE,True,False,321,3.0,20.0,41.770668945,-87.610550542
24498,04/19/2019 04:14:00 PM,HOMICIDE,FIRST DEGREE MURDER,CHA PLAY LOT,True,False,533,5.0,9.0,41.657212781,-87.603092879
24499,04/20/2019 01:10:00 PM,HOMICIDE,FIRST DEGREE MURDER,STREET,False,False,1115,11.0,28.0,41.877935729,-87.72909326
24500,04/20/2019 03:07:00 PM,HOMICIDE,FIRST DEGREE MURDER,HOUSE,True,True,2515,25.0,36.0,41.921217316,-87.775626237
11660766,04/20/2019 03:47:00 AM,BATTERY,SIMPLE,STREET,False,False,1111,11.0,37.0,41.895367142,-87.732223634
24501,04/20/2019 06:21:00 PM,HOMICIDE,FIRST DEGREE MURDER,STREET,False,False,2212,22.0,34.0,41.686500543,-87.668217814
24502,04/21/2019 03:34:00 AM,HOMICIDE,FIRST DEGREE MURDER,STREET,False,False,114,1.0,42.0,41.887586335,-87.614595998
11662417,04/21/2019 12:30:00 PM,ROBBERY,ARMED - HANDGUN,RESIDENCE,False,False,631,6.0,8.0,41.749500329,-87.6011574
24503,04/22/2019 02:25:00 AM,HOMICIDE,FIRST DEGREE MURDER,STREET,False,False,1115,11.0,28.0,41.878823333,-87.72932358
24504,04/22/2019 05:26:00 PM,HOMICIDE,FIRST DEGREE MURDER,HOUSE,True,False,622,6.0,21.0,41.736286061,-87.641841032
11663484,04/22/2019 07:00:00 PM,ASSAULT,SIMPLE,RESIDENCE,False,False,814,8.0,22.0,41.806721344,-87.752914702
24505,04/23/2019 10:10:00 PM,HOMICIDE,FIRST DEGREE MURDER,AUTO,False,False,711,7.0,20.0,41.790882053,-87.632032092
24506,04/24/2019 08:59:00 PM,HOMICIDE,FIRST DEGREE MURDER,HOUSE,False,False,634,6.0,21.0,41.722861389,-87.627482696
11667494,04/25/2019 12:00:00 PM,OTHER OFFENSE,TELEPHONE THREAT,RESIDENCE,False,False,524,5.0,34.0,41.674846291,-87.661306187
13175828,04/25/2019 12:00:00 AM,CRIMINAL SEXUAL ASSAULT,PREDATORY,APARTMENT,False,True,921,9.0,12.0,,
24507,04/26/2019 01:37:00 AM,HOMICIDE,FIRST DEGREE MURDER,STREET,True,False,513,5.0,9.0,41.695575575,-87.62318951
24508,04/26/2019 02:27:00 AM,HOMICIDE,FIRST DEGREE MURDER,STREET,False,False,1522,15.0,29.0,41.877559057,-87.75561931
24509,04/26/2019 02:45:00 AM,HOMICIDE,FIRST DEGREE MURDER,STREET,False,False,1522,15.0,29.0,41.877559057,-87.75561931
24510,04/26/2019 06:13:00 PM,HOMICIDE,FIRST DEGREE MURDER,YARD,False,False,834,8.0,18.0,41.746739713,-87.736939439
24511,04/26/2019 07:04:00 PM,HOMICIDE,FIRST DEGREE MURDER,RETAIL STORE,True,False,822,8.0,23.0,41.785792907,-87.703335272
12510480,04/26/2019 12:00:00 PM,DECEPTIVE PRACTICE,DECEPTIVE COLLECTION PRACTICES,RESIDENCE,False,False,1614,16.0,41.0,,
26492,04/27/2019 04:15:00 PM,HOMICIDE,FIRST DEGREE MURDER,STREET,False,False,732,7.0,6.0,41.759444866,-87.634518627
24512,04/27/2019 05:06:00 AM,HOMICIDE,FIRST DEGREE MURDER,STREET,True,True,1122,11.0,28.0,41.878030124,-87.721524427
24513,04/28/2019 05:07:00 AM,HOMICIDE,FIRST DEGREE MURDER,HOUSE,True,False,2212,22.0,19.0,41.688668592,-87.670121265
24515,04/28/2019 09:31:00 PM,HOMICIDE,FIRST DEGREE MURDER,STREET,False,False,925,9.0,3.0,41.813232981,-87.632279875
24514,04/28/2019 09:54:00 AM,HOMICIDE,FIRST DEGREE MURDER,STREET,False,False,711,7.0,20.0,41.781353265,-87.635083754
12380976,04/29/2019 03:00:00 PM,OFFENSE INVOLVING CHILDREN,AGGRAVATED CRIMINAL SEXUAL ABUSE BY FAMILY MEMBER,APARTMENT,False,True,715,7.0,15.0,,
24517,04/29/2019 08:23:00 PM,HOMICIDE,FIRST DEGREE MURDER,STREET,True,False,722,7.0,6.0,41.772582874,-87.637858691
24518,04/29/2019 11:40:00 PM,HOMICIDE,FIRST DEGREE MURDER,HOUSE,True,False,321,3.0,20.0,41.774183604,-87.608249138
24516,04/29/2019 12:51:00 AM,HOMICIDE,FIRST DEGREE MURDER,ALLEY,True,False,1523,15.0,28.0,41.884881946,-87.760246634
24520,04/30/2019 06:36:00 PM,HOMICIDE,FIRST DEGREE MURDER,STREET,True,False,1132,11.0,28.0,41.875259203,-87.726324218
12664537,05/01/2019 09:00:00 AM,SEX OFFENSE,CRIMINAL SEXUAL ABUSE,GROCERY FOOD STORE,False,False,815,8.0,14.0,,
12928568,05/01/2019 12:00:00 AM,DECEPTIVE PRACTICE,FINANCIAL IDENTITY THEFT OVER $ 300,RESIDENCE,False,False,411,4.0,8.0,,
12370736,05/01/2019 12:00:00 AM,DECEPTIVE PRACTICE,FINANCIAL IDENTITY THEFT $300 AND UNDER,RESIDENCE,False,False,623,6.0,6.0,,
12958740,05/01/2019 12:00:00 AM,OFFENSE INVOLVING CHILDREN,AGGRAVATED CRIMINAL SEXUAL ABUSE BY FAMILY MEMBER,APARTMENT,False,True,1821,18.0,27.0,,
11673759,05/02/2019 01:45:00 PM,BATTERY,SIMPLE,SIDEWALK,False,False,834,8.0,18.0,41.74813445,-87.741305686
24522,05/02/2019 07:40:00 PM,HOMICIDE,FIRST DEGREE MURDER,ALLEY,False,False,2532,25.0,37.0,41.911822577,-87.763084451
24523,05/03/2019 08:49:00 PM,HOMICIDE,FIRST DEGREE MURDER,PARKING LOT,True,False,2535,25.0,27.0,41.902741172,-87.718280071
12836852,05/03/2019 12:30:00 PM,SEX OFFENSE,CRIMINAL SEXUAL ABUSE,SCHOOL - PUBLIC BUILDING,False,True,2212,22.0,19.0,,
11676091,05/04/2019 02:00:00 PM,THEFT,OVER $500,STREET,False,False,1934,19.0,44.0,41.933673373,-87.645589608
24529,05/05/2019 01:48:00 PM,HOMICIDE,FIRST DEGREE MURDER,STREET,True,False,2531,25.0,29.0,41.909933281,-87.773986759
24524,05/05/2019 03:29:00 AM,HOMICIDE,FIRST DEGREE MURDER,STREET,False,False,915,9.0,3.0,41.824976728,-87.633795457
24525,05/05/2019 05:10:00 AM,HOMICIDE,FIRST DEGREE MURDER,STREET,False,False,1011,10.0,24.0,41.865621654,-87.726375007
24527,05/05/2019 11:03:00 PM,HOMICIDE,FIRST DEGREE MURDER,STREET,True,False,1112,11.0,27.0,41.894308772,-87.719940332
12357655,05/05/2019 12:00:00 PM,DECEPTIVE PRACTICE,FINANCIAL IDENTITY THEFT $300 AND UNDER,RESIDENCE,False,False,831,8.0,23.0,,
24526,05/06/2019 01:05:00 AM,HOMICIDE,FIRST DEGREE MURDER,STREET,False,False,1423,14.0,26.0,41.903487351,-87.705555482
24528,05/06/2019 08:06:00 AM,HOMICIDE,FIRST DEGREE MURDER,YARD,False,False,1124,11.0,28.0,41.880394026,-87.702954046
24530,05/06/2019 09:13:00 PM,HOMICIDE,FIRST DEGREE MURDER,STREET,False,False,715,7.0,15.0,41.789264203,-87.675388818
11679836,05/07/2019 05:10:00 PM,THEFT,RETAIL THEFT,GROCERY FOOD STORE,True,False,2422,24.0,49.0,42.019399237,-87.675049485
24531,05/07/2019 06:37:00 PM,HOMICIDE,FIRST DEGREE MURDER,PORCH,False,False,1132,11.0,28.0,41.874376252,-87.723865145
11681128,05/07/2019 11:05:00 PM,THEFT,$500 AND UNDER,WAREHOUSE,False,False,1214,12.0,27.0,,
24532,05/08/2019 09:50:00 PM,HOMICIDE,FIRST DEGREE MURDER,STREET,False,False,1132,11.0,24.0,41.869822405,-87.724169081
24533,05/09/2019 03:26:00 AM,HOMICIDE,FIRST DEGREE MURDER,HOUSE,False,False,725,7.0,16.0,41.776956495,-87.661711388
11681793,05/09/2019 05:00:00 PM,ASSAULT,SIMPLE,APARTMENT,False,True,424,4.0,10.0,41.728321226,-87.54497021
24534,05/10/2019 06:45:00 PM,HOMICIDE,FIRST DEGREE MURDER,APARTMENT,False,False,213,2.0,3.0,41.824933076,-87.623104662
24535,05/11/2019 05:50:00 PM,HOMICIDE,FIRST DEGREE MURDER,STREET,False,False,1533,15.0,28.0,41.878531497,-87.750381613
24536,05/11/2019 07:27:00 PM,HOMICIDE,FIRST DEGREE MURDER,STREET,False,False,1511,15.0,29.0,41.902046108,-87.772251983
12130000,05/11/2019 12:00:00 AM,CRIMINAL SEXUAL ASSAULT,NON-AGGRAVATED,RESIDENCE,False,True,921,9.0,12.0,41.816318027,-87.702915141
11684748,05/12/2019 04:00:00 AM,THEFT,OVER $500,STREET,False,False,1831,18.0,42.0,41.893981228,-87.634739847
24537,05/12/2019 09:36:00 AM,HOMICIDE,FIRST DEGREE MURDER,STREET,False,False,1211,12.0,1.0,41.901469045,-87.691914185
11686889,05/13/2019 08:30:00 PM,THEFT,OVER $500,CTA BUS,False,False,411,4.0,8.0,41.7515006,-87.585343286
24538,05/13/2019 11:30:00 PM,HOMICIDE,FIRST DEGREE MURDER,APARTMENT,True,False,1021,10.0,24.0,41.8629147,-87.709774147
24539,05/14/2019 02:13:00 PM,HOMICIDE,FIRST DEGREE MURDER,STREET,False,False,412,4.0,8.0,41.738816655,-87.579917517
24540,05/14/2019 03:09:00 PM,HOMICIDE,FIRST DEGREE MURDER,STREET,True,False,522,5.0,34.0,41.688888496,-87.628231294
24541,05/14/2019 04:28:00 PM,HOMICIDE,FIRST DEGREE MURDER,YARD,False,False,1124,11.0,28.0,41.879672418,-87.703978301
24545,05/15/2019 02:15:00 AM,HOMICIDE,FIRST DEGREE MURDER,HOUSE,True,False,834,8.0,18.0,41.752696135,-87.724621802
12107888,05/15/2019 12:00:00 AM,DECEPTIVE PRACTICE,FINANCIAL IDENTITY THEFT OVER $ 300,,False,False,1424,14.0,1.0,,
24543,05/16/2019 01:00:00 AM,HOMICIDE,FIRST DEGREE MURDER,ALLEY,True,False,1713,17.0,33.0,41.971041686,-87.708547831
24544,05/16/2019 02:57:00 AM,HOMICIDE,FIRST DEGREE MURDER,STREET,False,False,422,4.0,7.0,41.751883525,-87.554990931
24684,05/16/2019 04:24:00 PM,HOMICIDE,FIRST DEGREE MURDER,ALLEY,True,False,225,2.0,20.0,41.7943228,-87.624781229
24542,05/16/2019 12:43:00 AM,HOMICIDE,FIRST DEGREE MURDER,STREET,False,False,513,5.0,34.0,41.697700386,-87.630445576
24546,05/17/2019 01:22:00 AM,HOMICIDE,FIRST DEGREE MURDER,ALLEY,False,False,333,3.0,5.0,41.763880953,-87.576252151
24547,05/18/2019 01:21:00 PM,HOMICIDE,FIRST DEGREE MURDER,STREET,False,False,412,4.0,7.0,41.743831924,-87.570980274
24549,05/19/2019 05:36:00 AM,HOMICIDE,FIRST DEGREE MURDER,AUTO,False,False,1531,15.0,37.0,41.900480323,-87.749370229
24550,05/20/2019 01:13:00 AM,HOMICIDE,FIRST DEGREE MURDER,STREET,False,False,1224,12.0,27.0,41.884720804,-87.670624155
24551,05/20/2019 06:07:00 PM,HOMICIDE,FIRST DEGREE MURDER,STREET,False,False,623,6.0,6.0,41.751452878,-87.624567581
24552,05/21/2019 06:40:00 AM,HOMICIDE,FIRST DEGREE MURDER,APARTMENT,True,True,1014,10.0,24.0,41.85834689,-87.717659458
11694535,05/21/2019 11:07:00 AM,THEFT,RETAIL THEFT,GROCERY FOOD STORE,True,False,2422,24.0,49.0,42.019399237,-87.675049485
24553,05/22/2019 07:39:00 PM,HOMICIDE,FIRST DEGREE MURDER,STREET,True,False,621,6.0,21.0,41.748344547,-87.64275238
24554,05/23/2019 01:00:00 AM,HOMICIDE,FIRST DEGREE MURDER,PORCH,True,False,832,8.0,17.0,41.767504682,-87.686989416
24555,05/23/2019 01:47:00 AM,HOMICIDE,FIRST DEGREE MURDER,APARTMENT,True,True,726,7.0,16.0,41.772084662,-87.672950608
24556,05/24/2019 02:12:00 AM,HOMICIDE,FIRST DEGREE MURDER,GARAGE,False,False,713,7.0,16.0,41.783199083,-87.657851361
24557,05/25/2019 07:01:00 PM,HOMICIDE,FIRST DEGREE MURDER,GANGWAY,True,False,513,5.0,34.0,41.695279885,-87.626418591
24558,05/25/2019 11:43:00 PM,HOMICIDE,FIRST DEGREE MURDER,STREET,False,False,621,6.0,17.0,41.754424418,-87.634785654
24559,05/26/2019 02:11:00 AM,HOMICIDE,FIRST DEGREE MURDER,STREET,False,False,1233,12.0,25.0,41.864278357,-87.659682244
24654,05/26/2019 06:35:00 AM,HOMICIDE,FIRST DEGREE MURDER,CHA GROUNDS,True,False,1233,12.0,25.0,41.864278228,-87.659660218
24560,05/26/2019 06:48:00 AM,HOMICIDE,FIRST DEGREE MURDER,CHA PARKING LOT,True,False,1233,12.0,25.0,41.864278228,-87.659660218
24561,05/27/2019 11:42:00 PM,HOMICIDE,FIRST DEGREE MURDER,PARKING LOT,True,False,834,8.0,18.0,41.737709752,-87.740958098
11703585,05/28/2019 07:50:00 PM,OTHER OFFENSE,HARASSMENT BY ELECTRONIC MEANS,OTHER,False,False,2211,22.0,19.0,41.683936056,-87.721847364
24563,05/28/2019 09:25:00 AM,HOMICIDE,FIRST DEGREE MURDER,STREET,True,False,2531,25.0,29.0,41.902876025,-87.774176927
24562,05/28/2019 12:25:00 AM,HOMICIDE,FIRST DEGREE MURDER,PARK PROPERTY,True,False,2535,25.0,1.0,41.914092032,-87.717899225
24567,05/29/2019 02:24:00 PM,HOMICIDE,FIRST DEGREE MURDER,STREET,True,False,423,4.0,7.0,41.736774091,-87.562420599
24565,05/29/2019 02:29:00 AM,HOMICIDE,FIRST DEGREE MURDER,PORCH,True,False,623,6.0,6.0,41.752400342,-87.61980025
24568,05/29/2019 09:37:00 PM,HOMICIDE,FIRST DEGREE MURDER,STREET,True,False,531,5.0,9.0,41.688181442,-87.619499848
11704699,05/29/2019 09:55:00 PM,BURGLARY,FORCIBLE ENTRY,RESIDENCE - GARAGE,False,False,1234,12.0,25.0,41.852086224,-87.681664275
24566,05/29/2019 11:42:00 AM,HOMICIDE,FIRST DEGREE MURDER,STREET,True,False,715,7.0,15.0,41.790314426,-87.670944722
24564,05/29/2019 12:50:00 AM,HOMICIDE,FIRST DEGREE MURDER,APARTMENT,True,True,321,3.0,5.0,41.773864414,-87.588808175
24569,05/30/2019 01:34:00 PM,HOMICIDE,FIRST DEGREE MURDER,STREET,True,False,633,6.0,9.0,41.726560961,-87.608129133
24570,05/30/2019 01:44:00 PM,HOMICIDE,FIRST DEGREE MURDER,STREET,True,False,633,6.0,9.0,41.726560961,-87.608129133
24581,05/30/2019 03:45:00 PM,HOMICIDE,FIRST DEGREE MURDER,ALLEY,True,False,1033,10.0,12.0,41.846160861,-87.695259926
13093320,05/31/2019 01:00:00 PM,DECEPTIVE PRACTICE,FINANCIAL IDENTITY THEFT OVER $ 300,APARTMENT,False,False,1013,10.0,22.0,,
24571,05/31/2019 08:28:00 PM,HOMICIDE,FIRST DEGREE MURDER,APARTMENT,True,True,333,3.0,5.0,41.759656906,-87.574916355
24572,05/31/2019 09:13:00 PM,HOMICIDE,FIRST DEGREE MURDER,STREET,False,False,611,6.0,17.0,41.750320089,-87.666383069
24573,05/31/2019 10:44:00 PM,HOMICIDE,FIRST DEGREE MURDER,STREET,False,False,2534,25.0,26.0,41.908823257,-87.731388379
11711806,06/01/2019 01:00:00 AM,MOTOR VEHICLE THEFT,AUTOMOBILE,RESIDENCE,True,False,2531,25.0,29.0,41.904726365,-87.775453858
24575,06/01/2019 05:09:00 AM,HOMICIDE,FIRST DEGREE MURDER,STREET,False,False,621,6.0,17.0,41.753272058,-87.648962792
24580,06/01/2019 06:35:00 AM,HOMICIDE,FIRST DEGREE MURDER,AUTO,False,False,1724,17.0,33.0,41.960145088,-87.699653761
24576,06/01/2019 07:46:00 AM,HOMICIDE,FIRST DEGREE MURDER,APARTMENT,True,True,1533,15.0,28.0,41.877622161,-87.750727697
24574,06/01/2019 12:07:00 AM,HOMICIDE,FIRST DEGREE MURDER,STREET,False,False,1111,11.0,37.0,41.897949791,-87.728625471
24577,06/02/2019 04:39:00 AM,HOMICIDE,FIRST DEGREE MURDER,STREET,False,False,935,9.0,3.0,41.804772841,-87.633256046
24578,06/02/2019 06:30:00 AM,HOMICIDE,FIRST DEGREE MURDER,STREET,False,False,1814,18.0,2.0,41.911161199,-87.633564277
24579,06/02/2019 06:33:00 AM,HOMICIDE,FIRST DEGREE MURDER,STREET,False,False,1814,18.0,2.0,41.911161199,-87.633564277
24582,06/03/2019 04:12:00 PM,HOMICIDE,FIRST DEGREE MURDER,STREET,False,False,1133,11.0,28.0,41.874526187,-87.711901076
11711615,06/03/2019 12:30:00 PM,THEFT,OVER $500,"SCHOOL, PUBLIC, BUILDING",False,False,2211,22.0,19.0,41.683875796,-87.725490546
24583,06/04/2019 09:11:00 PM,HOMICIDE,FIRST DEGREE MURDER,APARTMENT,True,False,1221,12.0,26.0,41.890728337,-87.682689318
24586,06/05/2019 01:38:00 PM,HOMICIDE,FIRST DEGREE MURDER,STREET,True,False,1532,15.0,37.0,41.890176109,-87.750532837
24585,06/05/2019 02:10:00 AM,HOMICIDE,FIRST DEGREE MURDER,ALLEY,False,False,232,2.0,20.0,41.788480446,-87.623928854
24587,06/05/2019 06:55:00 PM,HOMICIDE,FIRST DEGREE MURDER,STREET,False,False,1011,10.0,24.0,41.862007878,-87.727492147
24588,06/06/2019 11:30:00 AM,HOMICIDE,FIRST DEGREE MURDER,APARTMENT,True,False,314,3.0,20.0,41.777810401,-87.593008043
24589,06/07/2019 12:21:00 AM,HOMICIDE,FIRST DEGREE MURDER,STREET,False,False,1935,19.0,43.0,41.926729375,-87.631347326
24591,06/08/2019 03:06:00 PM,HOMICIDE,FIRST DEGREE MURDER,HOUSE,False,False,225,2.0,3.0,41.793597589,-87.627785273
24590,06/08/2019 06:44:00 AM,HOMICIDE,FIRST DEGREE MURDER,ALLEY,False,False,1032,10.0,22.0,41.838058092,-87.710954949
24592,06/09/2019 03:22:00 AM,HOMICIDE,FIRST DEGREE MURDER,STREET,False,True,321,3.0,20.0,41.774093686,-87.607047693
12252311,06/09/2019 06:00:00 PM,THEFT,OVER $500,APARTMENT,False,False,1934,19.0,44.0,,
24594,06/09/2019 10:41:00 AM,HOMICIDE,FIRST DEGREE MURDER,STREET,False,False,432,4.0,10.0,41.696804495,-87.535282089
24593,06/11/2019 10:46:00 PM,HOMICIDE,FIRST DEGREE MURDER,STREET,False,False,634,6.0,21.0,41.723339662,-87.632089363
24596,06/12/2019 08:28:00 AM,HOMICIDE,FIRST DEGREE MURDER,STREET,True,False,932,9.0,16.0,41.795380992,-87.665835417
24595,06/12/2019 12:01:00 AM,HOMICIDE,FIRST DEGREE MURDER,STREET,False,False,723,7.0,6.0,41.773068142,-87.644613509
24598,06/13/2019 06:35:00 PM,HOMICIDE,FIRST DEGREE MURDER,STREET,False,False,1122,11.0,28.0,41.88390335,-87.71751699
24597,06/13/2019 12:15:00 AM,HOMICIDE,FIRST DEGREE MURDER,RETAIL STORE,True,False,2522,25.0,31.0,41.924228431,-87.747117979
12201956,06/15/2019 03:30:00 PM,OTHER OFFENSE,OTHER CRIME INVOLVING PROPERTY,STREET,False,False,1723,17.0,35.0,,
24600,06/15/2019 06:14:00 AM,HOMICIDE,FIRST DEGREE MURDER,STREET,True,False,624,6.0,8.0,41.752266466,-87.601569405
24599,06/15/2019 08:02:00 AM,HOMICIDE,FIRST DEGREE MURDER,STREET,False,False,1532,15.0,28.0,41.884897329,-87.754014481
24601,06/15/2019 08:35:00 PM,HOMICIDE,FIRST DEGREE MURDER,ALLEY,False,False,832,8.0,16.0,41.770182969,-87.680169774
24602,06/16/2019 01:26:00 AM,HOMICIDE,FIRST DEGREE MURDER,STREET,False,False,1024,10.0,22.0,41.848873261,-87.712479744
24603,06/16/2019 02:51:00 AM,HOMICIDE,FIRST DEGREE MURDER,STREET,True,False,413,4.0,8.0,41.732599207,-87.585555292
24604,06/16/2019 10:37:00 PM,HOMICIDE,FIRST DEGREE MURDER,ALLEY,False,False,825,8.0,16.0,41.776534731,-87.68966672
24605,06/16/2019 11:57:00 PM,HOMICIDE,FIRST DEGREE MURDER,STREET,False,False,414,4.0,7.0,41.752480297,-87.56990311
11728283,06/17/2019 01:00:00 PM,ASSAULT,SIMPLE,STREET,False,False,1011,10.0,24.0,41.86564376,-87.730049737
24606,06/17/2019 02:35:00 AM,HOMICIDE,FIRST DEGREE MURDER,AUTO,False,False,1934,19.0,44.0,41.935855273,-87.644257764
11726243,06/17/2019 07:49:00 PM,NARCOTICS,POSS: CRACK,STREET,True,False,2212,22.0,19.0,41.677236713,-87.679884157
24608,06/18/2019 06:06:00 AM,HOMICIDE,FIRST DEGREE MURDER,PORCH,False,False,312,3.0,20.0,41.776018543,-87.615520426
11728603,06/18/2019 10:40:00 PM,THEFT,$500 AND UNDER,CTA TRAIN,False,False,711,7.0,20.0,,
24609,06/19/2019 02:36:00 PM,HOMICIDE,FIRST DEGREE MURDER,STREET,False,False,2232,22.0,9.0,41.711437469,-87.639309285
24610,06/19/2019 09:35:00 PM,HOMICIDE,FIRST DEGREE MURDER,STREET,False,False,831,8.0,18.0,41.763714219,-87.691781545
24611,06/20/2019 02:49:00 PM,HOMICIDE,FIRST DEGREE MURDER,STREET,True,False,1522,15.0,29.0,41.879309009,-87.760373544
24614,06/21/2019 02:52:00 PM,HOMICIDE,FIRST DEGREE MURDER,STREET,True,False,726,7.0,15.0,41.773061957,-87.672529994
24612,06/21/2019 06:00:00 PM,HOMICIDE,FIRST DEGREE MURDER,STREET,False,False,1113,11.0,28.0,41.884545666,-87.737312133
24615,06/21/2019 10:47:00 PM,HOMICIDE,FIRST DEGREE MURDER,STREET,False,False,1021,10.0,24.0,41.860175271,-87.709147333
11730415,06/21/2019 11:45:00 AM,ASSAULT,SIMPLE,SIDEWALK,True,False,234,2.0,4.0,41.7994855,-87.593976216
24613,06/21/2019 12:51:00 PM,HOMICIDE,FIRST DEGREE MURDER,STREET,False,False,631,6.0,8.0,41.748542818,-87.599046491
24616,06/22/2019 03:44:00 AM,HOMICIDE,FIRST DEGREE MURDER,STREET,False,False,1113,11.0,28.0,41.882323559,-87.737982768
24617,06/22/2019 04:28:00 PM,HOMICIDE,FIRST DEGREE MURDER,PORCH,False,False,511,5.0,8.0,41.71752439,-87.598267882
24618,06/23/2019 04:38:00 AM,HOMICIDE,FIRST DEGREE MURDER,STREET,True,False,835,8.0,18.0,41.760272856,-87.680574497
24619,06/23/2019 06:24:00 PM,HOMICIDE,FIRST DEGREE MURDER,STREET,True,False,1132,11.0,24.0,41.871646482,-87.724008569
11737835,06/25/2019 08:00:00 AM,THEFT,OVER $500,STREET,False,False,1732,17.0,30.0,,
24620,06/26/2019 05:10:00 PM,HOMICIDE,FIRST DEGREE MURDER,AUTO,False,False,1112,11.0,37.0,41.89720223,-87.725293698
13027788,06/26/2019 10:25:00 AM,DECEPTIVE PRACTICE,FINANCIAL IDENTITY THEFT OVER $ 300,,False,False,735,7.0,17.0,,
24621,06/27/2019 02:57:00 PM,HOMICIDE,FIRST DEGREE MURDER,STREET,False,False,2431,24.0,49.0,42.007407966,-87.666158586
11737259,06/27/2019 09:15:00 AM,ASSAULT,SIMPLE,RESIDENCE,False,False,1023,10.0,28.0,41.860186842,-87.69182399
11738318,06/27/2019 10:00:00 PM,THEFT,OVER $500,STREET,False,False,1221,12.0,1.0,41.89404248,-87.680114042
24622,06/28/2019 08:11:00 PM,HOMICIDE,FIRST DEGREE MURDER,ALLEY,False,False,1123,11.0,28.0,41.885388355,-87.706929899
24627,06/28/2019 08:55:00 AM,HOMICIDE,FIRST DEGREE MURDER,STREET,True,False,422,4.0,7.0,41.747370809,-87.550387856
12946106,06/28/2019 12:00:00 AM,CRIMINAL SEXUAL ASSAULT,NON-AGGRAVATED,RESIDENCE,False,True,811,8.0,23.0,,
24624,06/29/2019 03:40:00 PM,HOMICIDE,FIRST DEGREE MURDER,STREET,True,False,612,6.0,17.0,41.75515014,-87.651435012
24623,06/29/2019 05:45:00 AM,HOMICIDE,FIRST DEGREE MURDER,YARD,False,False,1121,11.0,27.0,41.89370723,-87.708134126
24625,06/29/2019 11:49:00 PM,HOMICIDE,FIRST DEGREE MURDER,ALLEY,True,False,813,8.0,23.0,41.783218289,-87.724109542
11745048,06/29/2019 12:00:00 AM,THEFT,OVER $500,OTHER,False,False,1832,18.0,42.0,41.894821547,-87.632133928
11739406,06/29/2019 12:50:00 AM,ROBBERY,STRONGARM - NO WEAPON,SIDEWALK,False,False,835,8.0,18.0,41.735268973,-87.697619072
24626,06/30/2019 06:04:00 AM,HOMICIDE,FIRST DEGREE MURDER,STREET,True,False,1012,10.0,24.0,41.855965959,-87.729755273
11742223,06/30/2019 07:00:00 PM,THEFT,OVER $500,RESIDENCE,False,False,925,9.0,11.0,41.8199113,-87.639305868
11743907,07/01/2019 07:50:00 AM,THEFT,$500 AND UNDER,RESIDENCE,False,False,1712,17.0,39.0,,
12739639,07/01/2019 12:00:00 AM,DECEPTIVE PRACTICE,FINANCIAL IDENTITY THEFT OVER $ 300,APARTMENT,False,False,632,6.0,8.0,,
11758365,07/01/2019 12:00:00 PM,MOTOR VEHICLE THEFT,AUTOMOBILE,OTHER,False,False,1522,15.0,29.0,41.865666115,-87.760131917
12340036,07/01/2019 12:00:00 AM,MOTOR VEHICLE THEFT,AUTOMOBILE,PARKING LOT / GARAGE (NON RESIDENTIAL),False,False,1915,19.0,46.0,,
24629,07/02/2019 02:09:00 AM,HOMICIDE,FIRST DEGREE MURDER,PORCH,False,False,2515,25.0,36.0,41.917679518,-87.757186578
24628,07/02/2019 04:19:00 AM,HOMICIDE,FIRST DEGREE MURDER,STREET,False,False,2422,24.0,49.0,42.018966968,-87.669084869
24635,07/02/2019 10:11:00 AM,HOMICIDE,FIRST DEGREE MURDER,RAILROAD PROPERTY,False,False,1111,11.0,37.0,41.901908052,-87.739876314
24630,07/03/2019 05:30:00 PM,HOMICIDE,FIRST DEGREE MURDER,STREET,False,False,731,7.0,6.0,41.768087791,-87.62662791
12391381,07/03/2019 10:00:00 AM,DECEPTIVE PRACTICE,FINANCIAL IDENTITY THEFT OVER $ 300,RESIDENCE,False,False,632,6.0,9.0,,
12569482,07/03/2019 12:00:00 AM,THEFT,OVER $500,APARTMENT,False,True,1914,19.0,46.0,,
24632,07/04/2019 12:17:00 PM,HOMICIDE,FIRST DEGREE MURDER,STREET,True,False,1121,11.0,27.0,41.895983749,-87.711450684
24633,07/05/2019 02:55:00 AM,HOMICIDE,FIRST DEGREE MURDER,STREET,False,False,925,9.0,3.0,41.817583306,-87.632386508
24634,07/05/2019 03:07:00 AM,HOMICIDE,FIRST DEGREE MURDER,STREET,True,False,1531,15.0,37.0,41.897111946,-87.75075628
24636,07/05/2019 07:43:00 PM,HOMICIDE,FIRST DEGREE MURDER,PARKING LOT,False,False,1532,15.0,28.0,41.886717726,-87.755294419
11746674,07/05/2019 08:00:00 AM,BATTERY,SIMPLE,GROCERY FOOD STORE,False,False,1614,16.0,38.0,41.965720818,-87.836684841
24637,07/06/2019 07:43:00 PM,HOMICIDE,FIRST DEGREE MURDER,PORCH,True,True,1532,15.0,28.0,41.884914382,-87.75033461
24638,07/07/2019 06:00:00 AM,HOMICIDE,FIRST DEGREE MURDER,ALLEY,True,True,2233,22.0,34.0,41.704304835,-87.634306708
11749768,07/07/2019 09:00:00 PM,ASSAULT,SIMPLE,ALLEY,False,False,1613,16.0,41.0,41.975955404,-87.822623081
12782211,07/08/2019 11:09:00 AM,THEFT,OVER $500,BANK,False,False,1834,18.0,42.0,,
12921978,07/08/2019 12:00:00 AM,THEFT,FROM BUILDING,RESIDENCE,False,True,1122,11.0,27.0,,
12573062,07/08/2019 12:26:00 PM,OFFENSE INVOLVING CHILDREN,CRIMINAL SEXUAL ABUSE BY FAMILY MEMBER,RESIDENCE,False,True,523,5.0,9.0,,
24639,07/09/2019 03:59:00 AM,HOMICIDE,FIRST DEGREE MURDER,STREET,False,False,1112,11.0,27.0,41.894285768,-87.718717474
13057236,07/10/2019 05:00:00 PM,THEFT,PURSE-SNATCHING,SIDEWALK,False,False,1011,10.0,24.0,,
11753292,07/10/2019 07:47:00 PM,ASSAULT,SIMPLE,SIDEWALK,False,False,533,5.0,9.0,41.647924641,-87.616406296
24640,07/12/2019 03:34:00 AM,HOMICIDE,FIRST DEGREE MURDER,VACANT LOT,False,False,2223,22.0,21.0,41.729658969,-87.637365697
24641,07/12/2019 05:55:00 PM,HOMICIDE,FIRST DEGREE MURDER,ALLEY,False,False,632,6.0,9.0,41.736392584,-87.621977949
24650,07/12/2019 10:40:00 AM,HOMICIDE,FIRST DEGREE MURDER,STREET,False,False,1513,15.0,29.0,41.881197451,-87.76653692
24642,07/13/2019 02:20:00 AM,HOMICIDE,FIRST DEGREE MURDER,STREET,False,False,1222,12.0,27.0,41.882880585,-87.698023476
24645,07/13/2019 02:55:00 AM,HOMICIDE,FIRST DEGREE MURDER,STREET,False,False,612,6.0,21.0,41.750123609,-87.658583016
24644,07/13/2019 03:10:00 PM,HOMICIDE,FIRST DEGREE MURDER,"CTA ""L"" PLATFORM",True,False,914,9.0,25.0,41.852868298,-87.63091491
24643,07/13/2019 03:32:00 AM,HOMICIDE,FIRST DEGREE MURDER,PORCH,True,False,1233,12.0,25.0,41.85943364,-87.661366648
24651,07/13/2019 10:15:00 AM,HOMICIDE,FIRST DEGREE MURDER,APARTMENT,True,False,421,4.0,7.0,41.753050735,-87.555526554
24646,07/13/2019 11:32:00 PM,HOMICIDE,FIRST DEGREE MURDER,STREET,True,False,423,4.0,10.0,41.740347415,-87.553913774
24647,07/13/2019 11:45:00 PM,HOMICIDE,FIRST DEGREE MURDER,STREET,True,False,423,4.0,10.0,41.740347415,-87.553913774
11761017,07/14/2019 02:30:00 PM,THEFT,OVER $500,STREET,False,False,112,1.0,42.0,41.8829238,-87.627861004
24648,07/14/2019 04:11:00 AM,HOMICIDE,FIRST DEGREE MURDER,STREET,False,False,1021,10.0,24.0,41.860341651,-87.714028096
24652,07/14/2019 06:11:00 PM,HOMICIDE,FIRST DEGREE MURDER,ALLEY,True,False,331,3.0,5.0,41.769049288,-87.576378338
24649,07/14/2019 06:32:00 AM,HOMICIDE,FIRST DEGREE MURDER,STREET,False,False,1531,15.0,37.0,41.894960427,-87.753460758
12423787,07/14/2019 12:00:00 PM,DECEPTIVE PRACTICE,FINANCIAL IDENTITY THEFT OVER $ 300,RESIDENCE,False,False,711,7.0,20.0,,
12380120,07/15/2019 12:00:00 PM,SEX OFFENSE,CRIMINAL SEXUAL ABUSE,PARK PROPERTY,False,True,2512,25.0,30.0,,
24653,07/16/2019 12:50:00 AM,HOMICIDE,FIRST DEGREE MURDER,STREET,False,False,524,5.0,34.0,41.684996717,-87.648603163
11770772,07/17/2019 07:23:00 PM,THEFT,RETAIL THEFT,DEPARTMENT STORE,False,False,1433,14.0,1.0,,
24655,07/18/2019 04:42:00 AM,HOMICIDE,FIRST DEGREE MURDER,PORCH,False,False,1123,11.0,28.0,41.886341244,-87.712098747
11762514,07/18/2019 05:50:00 PM,BATTERY,SIMPLE,STREET,False,False,215,2.0,3.0,41.816526609,-87.623868878
24656,07/18/2019 08:40:00 PM,HOMICIDE,FIRST DEGREE MURDER,PARK PROPERTY,False,False,414,4.0,8.0,41.758866925,-87.577055116
24657,07/19/2019 08:31:00 PM,HOMICIDE,FIRST DEGREE MURDER,AUTO,False,False,512,5.0,34.0,41.702539626,-87.628814568
24658,07/20/2019 12:29:00 AM,HOMICIDE,FIRST DEGREE MURDER,STREET,True,False,713,7.0,16.0,41.780873262,-87.661824508
11765926,07/21/2019 02:00:00 PM,THEFT,OVER $500,PARKING LOT / GARAGE (NON RESIDENTIAL),False,False,622,6.0,21.0,41.736126864,-87.629184056
11765820,07/21/2019 03:46:00 PM,THEFT,RETAIL THEFT,DEPARTMENT STORE,True,False,2422,24.0,49.0,42.019399237,-87.675049485
24681,07/22/2019 05:31:00 PM,HOMICIDE,FIRST DEGREE MURDER,STREET,True,False,731,7.0,6.0,41.765230473,-87.626545636
24659,07/22/2019 11:33:00 PM,HOMICIDE,FIRST DEGREE MURDER,STREET,False,False,2233,22.0,34.0,41.686132926,-87.638552554
11767539,07/22/2019 11:51:00 PM,BATTERY,AGGRAVATED - HANDGUN,STREET,False,False,1135,11.0,28.0,41.867650491,-87.699602459
12238281,07/23/2019 02:00:00 PM,DECEPTIVE PRACTICE,FINANCIAL IDENTITY THEFT OVER $ 300,APARTMENT,False,False,1935,19.0,43.0,,
24660,07/23/2019 03:09:00 PM,HOMICIDE,FIRST DEGREE MURDER,STREET,False,False,513,5.0,34.0,41.699864066,-87.623933281
11767913,07/23/2019 07:15:00 AM,THEFT,FROM BUILDING,OTHER,False,False,111,1.0,4.0,,
11783861,07/23/2019 10:05:00 AM,DECEPTIVE PRACTICE,ILLEGAL USE CASH CARD,DRUG STORE,False,False,1824,18.0,43.0,,
24661,07/24/2019 08:24:00 PM,HOMICIDE,FIRST DEGREE MURDER,APARTMENT,True,True,214,2.0,4.0,41.821525619,-87.603551263
24662,07/25/2019 06:37:00 PM,HOMICIDE,FIRST DEGREE MURDER,STREET,False,False,912,9.0,12.0,41.831594882,-87.682646388
24663,07/25/2019 08:55:00 PM,HOMICIDE,FIRST DEGREE MURDER,ALLEY,False,False,1022,10.0,24.0,41.860997913,-87.70300142
24665,07/26/2019 10:36:00 PM,HOMICIDE,FIRST DEGREE MURDER,STREET,False,False,621,6.0,6.0,41.757564743,-87.634473052
24664,07/26/2019 10:38:00 PM,HOMICIDE,FIRST DEGREE MURDER,STREET,False,False,621,6.0,6.0,41.757564743,-87.634473052
24669,07/27/2019 02:34:00 PM,HOMICIDE,FIRST DEGREE MURDER,APARTMENT,True,False,322,3.0,6.0,41.771970728,-87.62347293
24667,07/27/2019 05:09:00 AM,HOMICIDE,FIRST DEGREE MURDER,STREET,False,False,934,9.0,20.0,41.79410148,-87.660076557
24668,07/27/2019 07:22:00 AM,HOMICIDE,FIRST DEGREE MURDER,STREET,False,False,1232,12.0,25.0,41.864102036,-87.655833034
24670,07/27/2019 08:42:00 PM,HOMICIDE,FIRST DEGREE MURDER,STREET,False,False,1012,10.0,24.0,41.860134288,-87.732333465
24666,07/27/2019 12:50:00 AM,HOMICIDE,FIRST DEGREE MURDER,STREET,True,False,1511,15.0,29.0,41.894143418,-87.767924691
11773786,07/28/2019 01:45:00 AM,THEFT,OVER $500,STREET,False,False,423,4.0,7.0,41.72533853,-87.563235022
24671,07/28/2019 05:12:00 AM,HOMICIDE,FIRST DEGREE MURDER,STREET,False,False,1022,10.0,24.0,41.862942442,-87.707306891
12675802,07/28/2019 07:00:00 PM,BATTERY,DOMESTIC BATTERY SIMPLE,RESIDENCE,False,True,811,8.0,23.0,,
24672,07/31/2019 05:32:00 PM,HOMICIDE,FIRST DEGREE MURDER,STREET,False,False,1021,10.0,24.0,41.860315864,-87.712809585
11780289,08/01/2019 07:00:00 PM,THEFT,POCKET-PICKING,PARK PROPERTY,False,False,114,1.0,42.0,,
12422802,08/01/2019 12:00:00 AM,OTHER OFFENSE,HARASSMENT BY ELECTRONIC MEANS,RESIDENCE,False,True,815,8.0,14.0,,
11849574,08/01/2019 12:00:00 AM,DECEPTIVE PRACTICE,FINANCIAL IDENTITY THEFT $300 AND UNDER,,False,False,433,4.0,10.0,,
24673,08/02/2019 01:41:00 PM,HOMICIDE,FIRST DEGREE MURDER,TRAILER,False,False,911,9.0,12.0,41.832972861,-87.69493592
11784296,08/03/2019 01:00:00 AM,BATTERY,SIMPLE,APARTMENT,False,False,212,2.0,4.0,41.824849878,-87.61151911
24676,08/03/2019 01:56:00 PM,HOMICIDE,FIRST DEGREE MURDER,STREET,False,False,732,7.0,6.0,41.761023091,-87.634560148
12799267,08/03/2019 02:00:00 PM,DECEPTIVE PRACTICE,FINANCIAL IDENTITY THEFT $300 AND UNDER,STREET,False,False,732,7.0,6.0,,
24675,08/03/2019 02:36:00 AM,HOMICIDE,FIRST DEGREE MURDER,STREET,True,False,1113,11.0,28.0,41.879296906,-87.741216562
11822709,08/03/2019 08:30:00 PM,THEFT,OVER $500,STREET,False,False,1214,12.0,27.0,,
11781371,08/03/2019 12:00:00 PM,ASSAULT,SIMPLE,SIDEWALK,False,False,221,2.0,3.0,41.812131058,-87.615161389
24674,08/03/2019 12:38:00 AM,HOMICIDE,FIRST DEGREE MURDER,STREET,False,False,511,5.0,9.0,41.708085623,-87.624751147
24677,08/04/2019 04:17:00 AM,HOMICIDE,FIRST DEGREE MURDER,STREET,False,False,1012,10.0,24.0,41.856307213,-87.732556505
24678,08/04/2019 06:17:00 PM,HOMICIDE,FIRST DEGREE MURDER,STREET,False,False,932,9.0,16.0,41.794775359,-87.673106456
13195357,08/04/2019 12:00:00 AM,OFFENSE INVOLVING CHILDREN,AGGRAVATED SEXUAL ASSAULT OF CHILD BY FAMILY MEMBER,APARTMENT,True,True,1522,15.0,37.0,,
24679,08/05/2019 10:21:00 PM,HOMICIDE,FIRST DEGREE MURDER,STREET,False,False,722,7.0,6.0,41.769899784,-87.629881576
13216849,08/05/2019 12:00:00 AM,DECEPTIVE PRACTICE,FINANCIAL IDENTITY THEFT OVER $ 300,RESIDENCE,False,False,2512,25.0,36.0,,
24680,08/05/2019 12:38:00 AM,HOMICIDE,FIRST DEGREE MURDER,STREET,True,False,2531,25.0,29.0,41.912660986,-87.766141074
24682,08/07/2019 04:34:00 AM,HOMICIDE,FIRST DEGREE MURDER,APARTMENT,True,False,624,6.0,8.0,41.752203876,-87.600360737
24683,08/07/2019 06:35:00 PM,HOMICIDE,FIRST DEGREE MURDER,STREET,False,False,423,4.0,7.0,41.743643433,-87.561246472
11787606,08/07/2019 12:15:00 PM,THEFT,FROM BUILDING,COMMERCIAL / BUSINESS OFFICE,False,False,1834,18.0,42.0,,
11787198,08/08/2019 10:59:00 AM,THEFT,OVER $500,OTHER,False,False,1921,19.0,47.0,41.94537244,-87.688221187
12730934,08/08/2019 12:00:00 PM,SEX OFFENSE,CRIMINAL SEXUAL ABUSE,COMMERCIAL / BUSINESS OFFICE,False,False,2412,24.0,50.0,,
24686,08/10/2019 01:35:00 PM,HOMICIDE,FIRST DEGREE MURDER,PORCH,False,False,423,4.0,10.0,41.73871167,-87.552680462
24685,08/10/2019 02:34:00 AM,HOMICIDE,FIRST DEGREE MURDER,STREET,False,False,1121,11.0,27.0,41.892563186,-87.707686182
24687,08/10/2019 03:20:00 PM,HOMICIDE,FIRST DEGREE MURDER,STREET,False,False,1024,10.0,22.0,41.848054645,-87.711819672
24688,08/10/2019 06:49:00 PM,HOMICIDE,FIRST DEGREE MURDER,STREET,True,False,1121,11.0,27.0,41.89551514,-87.710559023
24689,08/11/2019 03:29:00 AM,HOMICIDE,FIRST DEGREE MURDER,STREET,False,False,214,2.0,4.0,41.821436658,-87.61249664
11800986,08/12/2019 02:09:00 PM,THEFT,$500 AND UNDER,RESIDENCE PORCH/HALLWAY,False,False,2423,24.0,49.0,,
24690,08/12/2019 08:52:00 AM,HOMICIDE,FIRST DEGREE MURDER,STREET,True,False,421,4.0,7.0,41.752755244,-87.565040309
11792429,08/13/2019 03:15:00 AM,THEFT,RETAIL THEFT,GROCERY FOOD STORE,False,False,2211,22.0,19.0,41.699078459,-87.720656669
11795992,08/14/2019 03:20:00 PM,THEFT,OVER $500,OTHER,False,False,835,8.0,18.0,41.76022697,-87.68312964
24691,08/14/2019 04:42:00 AM,HOMICIDE,FIRST DEGREE MURDER,STREET,True,False,421,4.0,7.0,41.752865122,-87.563825944
24692,08/15/2019 07:30:00 PM,HOMICIDE,FIRST DEGREE MURDER,STREET,True,True,311,3.0,20.0,41.78379134,-87.620966612
11796723,08/15/2019 12:35:00 PM,THEFT,OVER $500,ALLEY,False,False,121,1.0,4.0,,
24694,08/16/2019 04:42:00 PM,HOMICIDE,FIRST DEGREE MURDER,STREET,False,False,1131,11.0,24.0,41.866539497,-87.734982912
24693,08/16/2019 07:55:00 PM,HOMICIDE,FIRST DEGREE MURDER,STREET,False,False,1131,11.0,24.0,41.866539497,-87.734982912
11799854,08/16/2019 10:00:00 PM,THEFT,FROM BUILDING,APARTMENT,False,False,1212,12.0,2.0,,
12990873,08/17/2019 01:14:00 PM,OFFENSE INVOLVING CHILDREN,CRIMINAL SEXUAL ABUSE BY FAMILY MEMBER,RESIDENCE,True,True,1111,11.0,37.0,41.89621515,-87.728572048
24695,08/17/2019 04:37:00 AM,HOMICIDE,FIRST DEGREE MURDER,AUTO,False,False,1422,14.0,26.0,41.90912332,-87.712495097
24696,08/18/2019 04:52:00 AM,HOMICIDE,FIRST DEGREE MURDER,STREET,False,False,231,2.0,3.0,41.80113088,-87.619384581
24697,08/18/2019 07:52:00 PM,HOMICIDE,FIRST DEGREE MURDER,PARK PROPERTY,True,False,432,4.0,10.0,41.715427321,-87.52935993
12214109,08/18/2019 12:00:00 AM,DECEPTIVE PRACTICE,FINANCIAL IDENTITY THEFT OVER $ 300,APARTMENT,False,False,725,7.0,16.0,,
13218751,08/18/2019 12:01:00 AM,OTHER OFFENSE,TELEPHONE THREAT,APARTMENT,False,False,825,8.0,16.0,,
24698,08/19/2019 11:13:00 PM,HOMICIDE,FIRST DEGREE MURDER,STREET,False,False,825,8.0,16.0,41.778730533,-87.68728733
24699,08/20/2019 09:14:00 PM,HOMICIDE,FIRST DEGREE MURDER,STREET,False,False,632,6.0,8.0,41.73609565,-87.604808666
24700,08/20/2019 11:24:00 PM,HOMICIDE,FIRST DEGREE MURDER,STREET,False,False,711,7.0,16.0,41.782546651,-87.640915234
13219471,08/20/2019 11:50:00 AM,DECEPTIVE PRACTICE,FINANCIAL IDENTITY THEFT OVER $ 300,,False,False,1134,11.0,28.0,,
11809819,08/22/2019 03:49:00 PM,THEFT,FROM BUILDING,RESIDENCE PORCH/HALLWAY,False,False,1713,17.0,33.0,,
24701,08/22/2019 12:02:00 AM,HOMICIDE,FIRST DEGREE MURDER,STREET,False,False,712,7.0,16.0,41.790086602,-87.653554734
24703,08/23/2019 08:57:00 PM,HOMICIDE,FIRST DEGREE MURDER,STREET,True,False,1111,11.0,37.0,41.897074192,-87.732773279
11804687,08/23/2019 11:00:00 AM,BURGLARY,FORCIBLE ENTRY,APARTMENT,False,True,1513,15.0,29.0,41.86548702,-87.772211967
24702,08/23/2019 12:50:00 AM,HOMICIDE,FIRST DEGREE MURDER,STREET,False,False,1122,11.0,28.0,41.87802667,-87.721906346
24707,08/24/2019 02:45:00 PM,HOMICIDE,FIRST DEGREE MURDER,STREET,False,False,1511,15.0,29.0,41.893725391,-87.766628178
24705,08/24/2019 05:13:00 PM,HOMICIDE,FIRST DEGREE MURDER,STREET,True,False,1122,11.0,27.0,41.891753676,-87.719388155
24706,08/24/2019 07:16:00 PM,HOMICIDE,FIRST DEGREE MURDER,STREET,False,False,213,2.0,3.0,41.820175724,-87.621084441
24704,08/24/2019 12:42:00 AM,HOMICIDE,FIRST DEGREE MURDER,ALLEY,False,False,511,5.0,8.0,41.721192538,-87.595969656
24709,08/25/2019 04:44:00 AM,HOMICIDE,FIRST DEGREE MURDER,STREET,False,False,631,6.0,8.0,41.745205818,-87.603796917
24708,08/25/2019 05:12:00 PM,HOMICIDE,FIRST DEGREE MURDER,STREET,True,False,1013,10.0,22.0,41.850570565,-87.733388313
24710,08/25/2019 09:59:00 PM,HOMICIDE,FIRST DEGREE MURDER,STREET,False,False,1134,11.0,28.0,41.87484722,-87.706841907
12309451,08/25/2019 12:00:00 PM,THEFT,OVER $500,COMMERCIAL / BUSINESS OFFICE,False,False,122,1.0,42.0,,
24711,08/26/2019 03:30:00 PM,HOMICIDE,FIRST DEGREE MURDER,STREET,False,False,1122,11.0,28.0,41.885433677,-87.725060094
24741,08/27/2019 06:40:00 AM,HOMICIDE,FIRST DEGREE MURDER,STREET,False,False,532,5.0,9.0,41.678038746,-87.621771684
24712,08/28/2019 01:42:00 PM,HOMICIDE,FIRST DEGREE MURDER,STREET,False,False,1135,11.0,28.0,41.873882904,-87.686840358
11809752,08/28/2019 03:30:00 PM,THEFT,OVER $500,STREET,False,False,1814,18.0,43.0,41.914278457,-87.6335339
24713,08/28/2019 04:18:00 PM,HOMICIDE,FIRST DEGREE MURDER,STREET,False,False,715,7.0,15.0,41.791476432,-87.67544687
11812127,08/28/2019 10:35:00 PM,THEFT,$500 AND UNDER,RESIDENCE PORCH/HALLWAY,False,False,1935,19.0,43.0,,
12722710,08/28/2019 12:02:00 PM,DECEPTIVE PRACTICE,FINANCIAL IDENTITY THEFT $300 AND UNDER,GAS STATION,False,True,2532,25.0,37.0,,
24716,08/29/2019 06:40:00 PM,HOMICIDE,FIRST DEGREE MURDER,STREET,False,False,512,5.0,9.0,41.702770631,-87.622209499
24715,08/29/2019 08:34:00 AM,HOMICIDE,FIRST DEGREE MURDER,APARTMENT,True,True,231,2.0,3.0,41.798444234,-87.617180944
24714,08/29/2019 12:56:00 AM,HOMICIDE,FIRST DEGREE MURDER,STREET,False,False,1531,15.0,37.0,41.900441318,-87.753587489
24717,08/30/2019 01:36:00 PM,HOMICIDE,FIRST DEGREE MURDER,STREET,False,False,835,8.0,18.0,41.760165287,-87.686788178
24718,08/31/2019 01:03:00 AM,HOMICIDE,FIRST DEGREE MURDER,STREET,False,False,424,4.0,10.0,41.736675238,-87.545820662
24719,08/31/2019 05:21:00 AM,HOMICIDE,FIRST DEGREE MURDER,STREET,False,False,1422,14.0,26.0,41.908269183,-87.708322693
24721,08/31/2019 06:28:00 PM,HOMICIDE,FIRST DEGREE MURDER,PORCH,False,False,735,7.0,17.0,41.764295943,-87.666231019
24722,08/31/2019 06:31:00 PM,HOMICIDE,FIRST DEGREE MURDER,PORCH,False,False,735,7.0,17.0,41.764295943,-87.666231019
11815727,08/31/2019 08:00:00 PM,THEFT,OVER $500,STREET,False,False,2211,22.0,19.0,41.683938411,-87.721774124
24720,08/31/2019 08:52:00 AM,HOMICIDE,FIRST DEGREE MURDER,APARTMENT,False,False,1522,15.0,29.0,41.879335159,-87.758467514
11813944,09/01/2019 01:04:00 PM,BATTERY,AGGRAVATED - HANDGUN,ALLEY,False,False,832,8.0,16.0,41.767731081,-87.685770139
24723,09/01/2019 02:35:00 AM,HOMICIDE,FIRST DEGREE MURDER,STREET,False,False,1533,15.0,28.0,41.881710958,-87.753411648
24724,09/01/2019 03:12:00 AM,HOMICIDE,FIRST DEGREE MURDER,APARTMENT,True,False,313,3.0,20.0,41.78345662,-87.610872595
24725,09/01/2019 04:25:00 AM,HOMICIDE,FIRST DEGREE MURDER,STREET,False,False,824,8.0,14.0,41.78628072,-87.70121479
12317635,09/01/2019 05:35:00 PM,DECEPTIVE PRACTICE,FINANCIAL IDENTITY THEFT OVER $ 300,,False,False,314,3.0,20.0,,
12631710,09/01/2019 07:00:00 AM,SEX OFFENSE,AGGRAVATED CRIMINAL SEXUAL ABUSE,RESIDENCE,False,True,1712,17.0,39.0,,
12559275,09/01/2019 08:00:00 AM,CRIMINAL SEXUAL ASSAULT,NON-AGGRAVATED,RESIDENCE,False,True,611,6.0,17.0,,
11814334,09/01/2019 08:45:00 PM,ASSAULT,SIMPLE,STREET,False,True,834,8.0,18.0,41.734561189,-87.739202763
12215869,09/01/2019 12:00:00 AM,OTHER OFFENSE,ABUSE / NEGLECT - CARE FACILITY,NURSING / RETIREMENT HOME,False,False,211,2.0,3.0,,
12921433,09/01/2019 12:01:00 AM,DECEPTIVE PRACTICE,FINANCIAL IDENTITY THEFT OVER $ 300,RESIDENCE,False,False,1914,19.0,46.0,,
24728,09/02/2019 08:08:00 PM,HOMICIDE,FIRST DEGREE MURDER,APARTMENT,True,True,421,4.0,7.0,41.758365623,-87.561509844
24726,09/03/2019 02:11:00 AM,HOMICIDE,FIRST DEGREE MURDER,STREET,False,False,613,6.0,21.0,41.73887651,-87.650991641
24727,09/03/2019 09:00:00 AM,HOMICIDE,FIRST DEGREE MURDER,STREET,True,False,1021,10.0,24.0,41.859950194,-87.709138509
24729,09/04/2019 02:23:00 AM,HOMICIDE,FIRST DEGREE MURDER,AUTO,True,False,132,1.0,3.0,41.855190551,-87.623871195
11818580,09/05/2019 06:40:00 PM,BATTERY,SIMPLE,ALLEY,False,False,2011,20.0,40.0,41.983953323,-87.69068235
11818632,09/05/2019 09:00:00 AM,THEFT,$500 AND UNDER,RESIDENCE PORCH/HALLWAY,False,False,1433,14.0,2.0,,
12753084,09/05/2019 10:20:00 AM,DECEPTIVE PRACTICE,FINANCIAL IDENTITY THEFT OVER $ 300,,False,False,431,4.0,7.0,,
13215114,09/06/2019 12:00:00 AM,OFFENSE INVOLVING CHILDREN,AGGRAVATED CRIMINAL SEXUAL ABUSE BY FAMILY MEMBER,RESIDENCE,False,True,1911,19.0,47.0,,
12204728,09/07/2019 06:00:00 PM,CRIMINAL SEXUAL ASSAULT,NON-AGGRAVATED,RESIDENCE,False,False,2515,25.0,30.0,,
24730,09/07/2019 06:10:00 AM,HOMICIDE,FIRST DEGREE MURDER,STREET,False,False,1024,10.0,12.0,41.850883366,-87.707663065
24731,09/07/2019 06:56:00 AM,HOMICIDE,FIRST DEGREE MURDER,PARKING LOT,False,False,1031,10.0,22.0,41.836893508,-87.72355671
11821007,09/08/2019 05:15:00 AM,BATTERY,SIMPLE,SIDEWALK,False,False,1824,18.0,2.0,41.90316534,-87.629210442
24732,09/08/2019 06:38:00 AM,HOMICIDE,FIRST DEGREE MURDER,APARTMENT,True,True,1431,14.0,1.0,41.9203106,-87.69136176
24733,09/08/2019 07:24:00 PM,HOMICIDE,FIRST DEGREE MURDER,ALLEY,False,False,822,8.0,23.0,41.794527267,-87.715839258
24734,09/08/2019 09:54:00 PM,HOMICIDE,FIRST DEGREE MURDER,STREET,True,False,934,9.0,20.0,41.799732456,-87.648420994
24735,09/08/2019 11:32:00 PM,HOMICIDE,FIRST DEGREE MURDER,STREET,False,False,1524,15.0,37.0,41.897203228,-87.760720508
24736,09/09/2019 03:45:00 AM,HOMICIDE,FIRST DEGREE MURDER,STREET,True,False,421,4.0,7.0,41.759355486,-87.55812601
24737,09/09/2019 09:36:00 PM,HOMICIDE,FIRST DEGREE MURDER,STREET,False,False,432,4.0,10.0,41.701988889,-87.540092009
24738,09/10/2019 01:25:00 AM,HOMICIDE,FIRST DEGREE MURDER,STREET,False,False,815,8.0,14.0,41.80716827,-87.743142974
24739,09/10/2019 02:11:00 AM,HOMICIDE,FIRST DEGREE MURDER,ALLEY,False,False,1233,12.0,25.0,41.859425387,-87.661363064
11823239,09/10/2019 07:00:00 AM,ASSAULT,SIMPLE,APARTMENT,False,True,621,6.0,17.0,41.75442493,-87.634869941
24740,09/11/2019 02:48:00 PM,HOMICIDE,FIRST DEGREE MURDER,STREET,False,False,334,3.0,7.0,41.760813522,-87.565603941
11825042,09/11/2019 07:30:00 AM,DECEPTIVE PRACTICE,FRAUD OR CONFIDENCE GAME,OTHER,False,False,122,1.0,42.0,,
24930,09/11/2019 09:18:00 AM,HOMICIDE,FIRST DEGREE MURDER,APARTMENT,False,False,934,9.0,16.0,41.794061805,-87.662676999
11889365,09/11/2019 10:47:03 AM,NARCOTICS,POSSESS - HEROIN (WHITE),RESIDENCE,True,False,713,7.0,16.0,,
24742,09/12/2019 12:25:00 AM,HOMICIDE,FIRST DEGREE MURDER,STREET,False,False,711,7.0,20.0,41.786101822,-87.638860285
13215090,09/13/2019 03:30:00 PM,DECEPTIVE PRACTICE,FINANCIAL IDENTITY THEFT OVER $ 300,,False,False,613,6.0,17.0,,
24747,09/13/2019 05:30:00 PM,HOMICIDE,FIRST DEGREE MURDER,ALLEY,False,False,622,6.0,21.0,41.744213662,-87.642635417
11827623,09/13/2019 07:15:00 PM,THEFT,OVER $500,STREET,False,False,1935,19.0,43.0,41.926868327,-87.65075226
24743,09/13/2019 08:22:00 PM,HOMICIDE,FIRST DEGREE MURDER,AUTO,False,False,1634,16.0,31.0,41.93872425,-87.754854391
24744,09/13/2019 09:32:00 PM,HOMICIDE,FIRST DEGREE MURDER,STREET,False,False,212,2.0,3.0,41.828755455,-87.621712165
24745,09/13/2019 11:50:00 PM,HOMICIDE,FIRST DEGREE MURDER,STREET,False,False,311,3.0,20.0,41.784757558,-87.629015193
24746,09/14/2019 02:27:00 AM,HOMICIDE,FIRST DEGREE MURDER,STREET,False,False,1532,15.0,37.0,41.8904458,-87.751764409
24748,09/14/2019 02:56:00 AM,HOMICIDE,FIRST DEGREE MURDER,STREET,False,False,613,6.0,21.0,41.74275371,-87.646300658
24750,09/14/2019 03:15:00 PM,HOMICIDE,FIRST DEGREE MURDER,STREET,False,False,2234,22.0,34.0,41.693717233,-87.658645623
11828439,09/14/2019 04:00:00 PM,ASSAULT,AGGRAVATED: OTHER DANG WEAPON,GAS STATION,True,False,111,1.0,4.0,,
24749,09/14/2019 06:29:00 AM,HOMICIDE,FIRST DEGREE MURDER,STREET,False,False,1012,10.0,24.0,41.85596047,-87.729755324
11828582,09/14/2019 08:00:00 PM,BATTERY,SIMPLE,SIDEWALK,False,False,1924,19.0,44.0,41.945910991,-87.655474824
11829299,09/15/2019 04:30:00 PM,THEFT,OVER $500,ALLEY,False,False,2535,25.0,26.0,41.908686736,-87.725269222
11829659,09/15/2019 08:45:00 PM,BATTERY,SIMPLE,SIDEWALK,False,False,1831,18.0,42.0,41.890985827,-87.634052636
12277260,09/15/2019 10:30:00 AM,BATTERY,DOMESTIC BATTERY SIMPLE,RESIDENCE,False,True,2512,25.0,29.0,,
24751,09/16/2019 01:12:00 AM,HOMICIDE,FIRST DEGREE MURDER,STREET,False,False,1121,11.0,27.0,41.894539497,-87.713844747
24752,09/16/2019 04:38:00 AM,HOMICIDE,FIRST DEGREE MURDER,STREET,False,False,1632,16.0,38.0,41.953144111,-87.786568029
11829979,09/16/2019 08:10:00 AM,ASSAULT,SIMPLE,STREET,False,False,1831,18.0,42.0,41.894099229,-87.642907069
11830905,09/16/2019 10:07:00 PM,BATTERY,SIMPLE,STREET,False,False,215,2.0,3.0,41.811133958,-87.62074077
24753,09/18/2019 03:21:00 PM,HOMICIDE,FIRST DEGREE MURDER,PARKING LOT,False,False,1115,11.0,28.0,41.880660786,-87.731186405
24755,09/18/2019 04:33:00 PM,HOMICIDE,FIRST DEGREE MURDER,PARKING LOT,False,False,1115,11.0,28.0,41.880660786,-87.731186405
24754,09/18/2019 06:02:00 PM,HOMICIDE,FIRST DEGREE MURDER,PARKING LOT,False,False,1115,11.0,28.0,41.880660786,-87.731186405
24757,09/19/2019 02:00:00 PM,HOMICIDE,FIRST DEGREE MURDER,STREET,True,False,624,6.0,6.0,41.757992905,-87.606613524
12273014,09/19/2019 04:00:00 PM,THEFT,OVER $500,RESIDENCE - GARAGE,False,False,1712,17.0,39.0,,
24756,09/19/2019 06:30:00 PM,HOMICIDE,FIRST DEGREE MURDER,STREET,False,False,522,5.0,34.0,41.677963533,-87.628270027
12399566,09/20/2019 12:01:00 AM,OTHER OFFENSE,HARASSMENT BY ELECTRONIC MEANS,RESIDENCE,False,False,822,8.0,23.0,,
24758,09/21/2019 08:12:00 PM,HOMICIDE,FIRST DEGREE MURDER,BARBER SHOP/BEAUTY SALON,True,False,531,5.0,9.0,41.689875069,-87.622216076
24759,09/22/2019 01:35:00 AM,HOMICIDE,FIRST DEGREE MURDER,STREET,False,False,632,6.0,8.0,41.743240897,-87.603797174
24760,09/22/2019 09:03:00 PM,HOMICIDE,FIRST DEGREE MURDER,GARAGE,False,False,524,5.0,34.0,41.672564046,-87.65634098
24761,09/22/2019 11:52:00 PM,HOMICIDE,FIRST DEGREE MURDER,STREET,False,False,1412,14.0,35.0,41.936274201,-87.712400898
13227041,09/23/2019 03:00:00 PM,DECEPTIVE PRACTICE,CREDIT CARD FRAUD,APARTMENT,False,False,1824,18.0,2.0,,
25245,09/24/2019 02:33:00 PM,HOMICIDE,FIRST DEGREE MURDER,STREET,False,False,1133,11.0,24.0,41.872628084,-87.718701031
24763,09/24/2019 02:54:00 AM,HOMICIDE,FIRST DEGREE MURDER,STREET,False,False,323,3.0,6.0,41.760093457,-87.622592241
24765,09/24/2019 06:33:00 PM,HOMICIDE,FIRST DEGREE MURDER,ALLEY,True,False,225,2.0,20.0,41.794325001,-87.624693192
24764,09/24/2019 06:35:00 PM,HOMICIDE,FIRST DEGREE MURDER,STREET,True,False,1122,11.0,28.0,41.88336693,-87.72086759
12280644,09/24/2019 09:00:00 AM,OTHER OFFENSE,OTHER CRIME INVOLVING PROPERTY,RESIDENCE,False,True,613,6.0,21.0,,
24766,09/24/2019 09:04:00 PM,HOMICIDE,FIRST DEGREE MURDER,STREET,False,False,1234,12.0,25.0,41.85434512,-87.678352471
11890202,09/24/2019 09:27:00 AM,NARCOTICS,POSSESS - CRACK,RESIDENCE,True,False,614,6.0,21.0,,
11839309,09/24/2019 10:44:00 AM,WEAPONS VIOLATION,UNLAWFUL POSSESSION - OTHER FIREARM,STREET,True,False,613,6.0,17.0,41.743268307,-87.650219617
11910357,09/24/2019 12:30:00 AM,THEFT,PURSE-SNATCHING,CTA PLATFORM,False,False,112,1.0,42.0,,
12299798,09/25/2019 02:00:00 PM,SEX OFFENSE,SEXUAL EXPLOITATION OF A CHILD,RESIDENCE - YARD (FRONT / BACK),False,True,931,9.0,15.0,,
11841960,09/25/2019 03:00:00 PM,DECEPTIVE PRACTICE,CREDIT CARD FRAUD,DEPARTMENT STORE,False,False,1215,12.0,1.0,,
24770,09/25/2019 05:33:00 PM,HOMICIDE,FIRST DEGREE MURDER,STREET,True,False,1131,11.0,28.0,41.874223643,-87.736082537
24768,09/25/2019 10:36:00 PM,HOMICIDE,FIRST DEGREE MURDER,STREET,False,False,731,7.0,6.0,41.764425201,-87.628137962
24767,09/25/2019 12:58:00 AM,HOMICIDE,FIRST DEGREE MURDER,ALLEY,False,False,2233,22.0,34.0,41.687820092,-87.636187615
24771,09/26/2019 01:47:00 PM,HOMICIDE,FIRST DEGREE MURDER,STREET,True,False,423,4.0,7.0,41.743851944,-87.562464188
24769,09/26/2019 01:53:00 AM,HOMICIDE,FIRST DEGREE MURDER,AUTO,False,False,731,7.0,6.0,41.766544129,-87.628191736
11842146,09/26/2019 08:53:00 PM,BURGLARY,HOME INVASION,RESIDENCE,False,True,613,6.0,17.0,41.742736236,-87.647510047
11846017,09/27/2019 01:00:00 PM,THEFT,POCKET-PICKING,STREET,False,False,113,1.0,42.0,,
11843966,09/27/2019 10:30:00 PM,THEFT,OVER $500,STREET,False,False,1512,15.0,29.0,41.88865937,-87.767712298
24772,09/28/2019 03:37:00 AM,HOMICIDE,FIRST DEGREE MURDER,ALLEY,False,False,324,3.0,7.0,41.765619127,-87.580586386
24773,09/28/2019 04:20:00 PM,HOMICIDE,FIRST DEGREE MURDER,STREET,False,False,1111,11.0,28.0,41.894496091,-87.745792225
11850625,09/30/2019 10:15:00 PM,THEFT,OVER $500,SIDEWALK,False,False,914,9.0,25.0,,
11847077,10/01/2019 01:00:00 PM,THEFT,FROM BUILDING,RESTAURANT,False,False,2422,24.0,49.0,42.019399237,-87.675049485
24775,10/01/2019 09:45:00 PM,HOMICIDE,FIRST DEGREE MURDER,ALLEY,False,False,2412,24.0,50.0,41.998438231,-87.692342962
11847383,10/01/2019 10:14:00 PM,BATTERY,SIMPLE,RESIDENCE,False,False,734,7.0,17.0,41.76312381,-87.661467128
13228344,10/01/2019 11:00:00 AM,DECEPTIVE PRACTICE,FINANCIAL IDENTITY THEFT OVER $ 300,,False,False,1221,12.0,36.0,,
11849553,10/01/2019 11:25:00 AM,CRIMINAL DAMAGE,TO VEHICLE,STREET,False,False,2512,25.0,29.0,,
12864530,10/01/2019 12:00:00 AM,DECEPTIVE PRACTICE,FINANCIAL IDENTITY THEFT OVER $ 300,RESIDENCE,False,False,412,4.0,8.0,,
24774,10/01/2019 12:14:00 AM,HOMICIDE,FIRST DEGREE MURDER,STREET,False,False,1522,15.0,29.0,41.880281544,-87.762241303
24780,10/02/2019 02:56:00 PM,HOMICIDE,FIRST DEGREE MURDER,AUTO,False,False,1032,10.0,22.0,41.838037246,-87.712173487
24776,10/02/2019 09:15:00 AM,HOMICIDE,FIRST DEGREE MURDER,STREET,False,False,1014,10.0,24.0,41.856059573,-87.719971925
11858849,10/03/2019 11:05:00 AM,THEFT,$500 AND UNDER,RESIDENCE,False,False,1031,10.0,22.0,,
24779,10/04/2019 10:13:00 AM,HOMICIDE,FIRST DEGREE MURDER,APARTMENT,True,True,1122,11.0,28.0,41.881088655,-87.720764494
11850778,10/04/2019 10:27:00 PM,BATTERY,SIMPLE,SIDEWALK,True,False,734,7.0,6.0,41.768165754,-87.6578368
24778,10/04/2019 12:30:00 AM,HOMICIDE,FIRST DEGREE MURDER,AUTO,False,False,232,2.0,20.0,41.78836534,-87.626625255
24781,10/05/2019 01:20:00 AM,HOMICIDE,FIRST DEGREE MURDER,STREET,False,False,823,8.0,17.0,41.777197552,-87.699800846
24783,10/05/2019 03:48:00 PM,HOMICIDE,FIRST DEGREE MURDER,APARTMENT,True,True,2413,24.0,40.0,41.995110343,-87.675509533
24782,10/05/2019 04:44:00 AM,HOMICIDE,FIRST DEGREE MURDER,STREET,False,False,712,7.0,16.0,41.786168201,-87.652239441
12889735,10/05/2019 12:00:00 AM,DECEPTIVE PRACTICE,FINANCIAL IDENTITY THEFT OVER $ 300,APARTMENT,False,False,1935,19.0,43.0,,
24784,10/06/2019 10:32:00 PM,HOMICIDE,FIRST DEGREE MURDER,STREET,False,False,2534,25.0,26.0,41.909071134,-87.728946677
24785,10/07/2019 01:02:00 AM,HOMICIDE,FIRST DEGREE MURDER,PORCH,False,False,1512,15.0,29.0,41.882164833,-87.770729386
11853395,10/07/2019 05:26:00 PM,BATTERY,SIMPLE,SIDEWALK,False,False,611,6.0,21.0,41.74667191,-87.666684671
11857923,10/07/2019 11:37:00 AM,THEFT,FROM BUILDING,APARTMENT,False,False,1813,18.0,43.0,,
12927318,10/07/2019 12:01:00 AM,DECEPTIVE PRACTICE,FINANCIAL IDENTITY THEFT OVER $ 300,APARTMENT,False,False,2532,25.0,37.0,,
24786,10/09/2019 01:37:00 PM,HOMICIDE,FIRST DEGREE MURDER,HOUSE,True,False,533,5.0,9.0,41.655199016,-87.602321563
11856734,10/09/2019 07:30:00 PM,CRIMINAL DAMAGE,TO PROPERTY,RESIDENCE-GARAGE,False,False,2531,25.0,29.0,41.904635791,-87.775450973
24788,10/10/2019 09:52:00 PM,HOMICIDE,FIRST DEGREE MURDER,STREET,False,False,532,5.0,9.0,41.668187419,-87.620580869
11885697,10/11/2019 08:00:00 AM,BATTERY,SIMPLE,OTHER,False,False,1654,16.0,41.0,41.953783081,-87.915105451
24790,10/12/2019 06:28:00 PM,HOMICIDE,FIRST DEGREE MURDER,APARTMENT,True,False,1632,16.0,38.0,41.95276886,-87.794846516
24792,10/12/2019 06:37:00 PM,HOMICIDE,FIRST DEGREE MURDER,APARTMENT,True,False,1632,16.0,38.0,41.95276886,-87.794846516
24791,10/12/2019 06:39:00 PM,HOMICIDE,FIRST DEGREE MURDER,APARTMENT,True,False,1632,16.0,38.0,41.95276886,-87.794846516
24793,10/12/2019 07:00:00 PM,HOMICIDE,FIRST DEGREE MURDER,STREET,False,False,624,6.0,8.0,41.757400139,-87.599275389
24789,10/12/2019 07:16:00 PM,HOMICIDE,FIRST DEGREE MURDER,APARTMENT,True,False,1632,16.0,38.0,41.95276886,-87.794846516
24795,10/13/2019 03:00:00 AM,HOMICIDE,FIRST DEGREE MURDER,STREET,False,False,834,8.0,18.0,41.73970224,-87.732523382
24796,10/13/2019 08:10:00 PM,HOMICIDE,FIRST DEGREE MURDER,STREET,False,False,423,4.0,7.0,41.74376712,-87.556389792
24794,10/13/2019 10:28:00 AM,HOMICIDE,FIRST DEGREE MURDER,APARTMENT,True,False,1632,16.0,38.0,41.95276886,-87.794846516
24797,10/14/2019 12:23:00 PM,HOMICIDE,FIRST DEGREE MURDER,ALLEY,False,False,1121,11.0,27.0,41.894438972,-87.708964414
11888792,10/15/2019 02:00:00 PM,DECEPTIVE PRACTICE,FINANCIAL IDENTITY THEFT OVER $ 300,,False,False,1214,12.0,27.0,,
12388709,10/15/2019 06:00:00 PM,THEFT,$500 AND UNDER,CTA BUS,False,False,124,1.0,25.0,,
26641,10/15/2019 07:01:00 AM,HOMICIDE,FIRST DEGREE MURDER,APARTMENT,False,False,612,6.0,17.0,41.754165905,-87.652061133
24799,10/15/2019 07:15:00 PM,HOMICIDE,FIRST DEGREE MURDER,STREET,False,False,1123,11.0,28.0,41.878310147,-87.712341776
24800,10/15/2019 12:15:00 PM,HOMICIDE,FIRST DEGREE MURDER,STREET,True,False,924,9.0,12.0,41.822428842,-87.665404149
11864123,10/16/2019 03:00:00 PM,THEFT,FROM BUILDING,OTHER,False,False,122,1.0,42.0,,
11862792,10/16/2019 03:59:00 PM,ASSAULT,SIMPLE,LIBRARY,True,False,431,4.0,7.0,41.71351467,-87.565493151
24802,10/17/2019 03:25:00 PM,HOMICIDE,FIRST DEGREE MURDER,APARTMENT,False,False,513,5.0,9.0,41.693782648,-87.619503826
11907006,10/19/2019 04:00:00 AM,CRIMINAL SEXUAL ASSAULT,NON-AGGRAVATED,APARTMENT,False,True,2212,22.0,19.0,41.677226627,-87.679558471
24803,10/19/2019 10:48:00 PM,HOMICIDE,FIRST DEGREE MURDER,VACANT LOT,False,False,1135,11.0,28.0,41.873761627,-87.699545765
24804,10/19/2019 11:30:00 PM,HOMICIDE,FIRST DEGREE MURDER,APARTMENT,False,False,1133,11.0,24.0,41.872707718,-87.712080245
12280732,10/19/2019 12:15:00 PM,DECEPTIVE PRACTICE,FINANCIAL IDENTITY THEFT OVER $ 300,,False,False,2411,24.0,50.0,,
24805,10/20/2019 01:40:00 AM,HOMICIDE,FIRST DEGREE MURDER,STREET,False,False,634,6.0,21.0,41.72160408,-87.632796887
24807,10/21/2019 01:02:00 AM,HOMICIDE,FIRST DEGREE MURDER,STREET,False,False,2532,25.0,37.0,41.909387131,-87.76503486
12870916,10/21/2019 03:00:00 PM,DECEPTIVE PRACTICE,ATTEMPT - FINANCIAL IDENTITY THEFT,APARTMENT,False,False,1522,15.0,29.0,,
24808,10/21/2019 06:50:00 PM,HOMICIDE,FIRST DEGREE MURDER,STREET,False,False,612,6.0,21.0,41.749582885,-87.65856669
11868290,10/21/2019 10:15:00 PM,THEFT,OVER $500,APARTMENT,False,True,2534,25.0,26.0,41.914399362,-87.731354356
12558880,10/21/2019 12:01:00 AM,DECEPTIVE PRACTICE,FINANCIAL IDENTITY THEFT OVER $ 300,APARTMENT,False,False,2525,25.0,26.0,,
24809,10/22/2019 05:53:00 PM,HOMICIDE,FIRST DEGREE MURDER,STREET,False,False,1511,15.0,29.0,41.89843848,-87.769664609
11871320,10/22/2019 08:00:00 AM,THEFT,$500 AND UNDER,RESIDENTIAL YARD (FRONT/BACK),False,False,1211,12.0,26.0,,
24810,10/22/2019 11:51:00 PM,HOMICIDE,FIRST DEGREE MURDER,YARD,False,False,715,7.0,15.0,41.789668907,-87.674178261
24811,10/22/2019 11:51:00 PM,HOMICIDE,FIRST DEGREE MURDER,YARD,False,False,715,7.0,15.0,41.789353269,-87.674170494
11891730,10/23/2019 02:00:00 PM,ASSAULT,SIMPLE,OTHER,False,False,1731,17.0,30.0,41.943791624,-87.74275948
11883710,10/24/2019 02:10:00 PM,NARCOTICS,MANUFACTURE / DELIVER - CRACK,VEHICLE NON-COMMERCIAL,True,False,633,6.0,8.0,,
11871211,10/24/2019 04:54:00 PM,ASSAULT,SIMPLE,ALLEY,True,False,1422,14.0,26.0,41.903747287,-87.707929657
11870471,10/24/2019 12:30:00 AM,BATTERY,SIMPLE,RESIDENCE,True,False,834,8.0,18.0,41.748883948,-87.728194163
11871685,10/25/2019 02:50:00 AM,ROBBERY,ARMED - HANDGUN,STREET,False,False,313,3.0,20.0,41.781279554,-87.612048296
24812,10/25/2019 12:20:00 PM,HOMICIDE,FIRST DEGREE MURDER,STREET,False,False,1012,10.0,24.0,41.859689566,-87.735986531
11875053,10/26/2019 08:30:00 PM,BATTERY,SIMPLE,STREET,False,False,1513,15.0,29.0,41.880237469,-87.76552823
24813,10/27/2019 02:50:00 AM,HOMICIDE,FIRST DEGREE MURDER,STREET,True,False,512,5.0,34.0,41.704421214,-87.624187141
24814,10/27/2019 03:52:00 PM,HOMICIDE,FIRST DEGREE MURDER,STREET,True,False,1511,15.0,29.0,41.902023021,-87.773706834
24815,10/27/2019 11:25:00 PM,HOMICIDE,FIRST DEGREE MURDER,STREET,False,False,1133,11.0,28.0,41.875314745,-87.721792665
11875174,10/28/2019 03:20:00 AM,THEFT,$500 AND UNDER,STREET,False,False,1732,17.0,45.0,,
24816,10/28/2019 10:19:00 AM,HOMICIDE,FIRST DEGREE MURDER,STREET,True,False,1131,11.0,28.0,41.875942998,-87.743799463
11875902,10/29/2019 12:50:00 PM,BATTERY,SIMPLE,ALLEY,False,False,621,6.0,6.0,41.753664771,-87.64167652
24817,10/30/2019 02:48:00 AM,HOMICIDE,FIRST DEGREE MURDER,STREET,False,False,1111,11.0,37.0,41.895164866,-87.737114239
11878281,10/31/2019 08:49:00 PM,ASSAULT,SIMPLE,RESTAURANT,True,False,2513,25.0,29.0,41.909097548,-87.789096885
24818,10/31/2019 11:23:00 PM,HOMICIDE,FIRST DEGREE MURDER,STREET,True,False,1233,12.0,25.0,41.859222698,-87.657686949
12439540,11/01/2019 02:00:00 PM,DECEPTIVE PRACTICE,FINANCIAL IDENTITY THEFT OVER $ 300,APARTMENT,False,False,713,7.0,16.0,,
11879178,11/01/2019 11:34:00 AM,THEFT,RETAIL THEFT,OTHER,False,False,1424,14.0,1.0,,
12341729,11/01/2019 12:00:00 AM,DECEPTIVE PRACTICE,FINANCIAL IDENTITY THEFT OVER $ 300,APARTMENT,False,False,2522,25.0,36.0,,
12850109,11/01/2019 12:00:00 AM,DECEPTIVE PRACTICE,FINANCIAL IDENTITY THEFT $300 AND UNDER,APARTMENT,False,False,614,6.0,21.0,,
11883103,11/02/2019 02:00:00 AM,THEFT,OVER $500,STREET,False,False,1832,18.0,42.0,41.894057142,-87.629196633
24819,11/02/2019 03:31:00 PM,HOMICIDE,FIRST DEGREE MURDER,AUTO,False,False,2222,22.0,21.0,41.727771126,-87.650673224
24820,11/02/2019 05:30:00 PM,HOMICIDE,FIRST DEGREE MURDER,STREET,True,False,513,5.0,9.0,41.695768098,-87.612239266
13041903,11/02/2019 12:01:00 AM,BATTERY,DOMESTIC BATTERY SIMPLE,RESIDENCE,False,True,1731,17.0,30.0,,
24821,11/03/2019 04:07:00 AM,HOMICIDE,FIRST DEGREE MURDER,STREET,True,False,1921,19.0,32.0,41.941293071,-87.68649802
12477157,11/03/2019 06:00:00 AM,DECEPTIVE PRACTICE,FINANCIAL IDENTITY THEFT OVER $ 300,OTHER (SPECIFY),False,False,2011,20.0,40.0,,
11889680,11/03/2019 08:15:00 PM,THEFT,OVER $500,RESIDENCE-GARAGE,False,False,2433,24.0,48.0,,
24822,11/03/2019 10:11:00 AM,HOMICIDE,FIRST DEGREE MURDER,STREET,False,False,624,6.0,6.0,41.758498365,-87.609737854
24823,11/04/2019 11:00:00 PM,HOMICIDE,FIRST DEGREE MURDER,AUTO,False,False,814,8.0,22.0,41.810196681,-87.749336277
11882446,11/04/2019 12:00:00 PM,ASSAULT,SIMPLE,ALLEY,False,False,1732,17.0,30.0,41.943634327,-87.72731915
12476170,11/04/2019 12:01:00 AM,DECEPTIVE PRACTICE,FINANCIAL IDENTITY THEFT OVER $ 300,RESIDENCE,False,False,2213,22.0,19.0,,
11885224,11/05/2019 08:00:00 PM,ROBBERY,ARMED - HANDGUN,STREET,False,True,624,6.0,6.0,41.75801796,-87.611458525
24824,11/05/2019 10:17:00 PM,HOMICIDE,FIRST DEGREE MURDER,APARTMENT,True,True,2515,25.0,30.0,41.924825715,-87.773316522
11884246,11/05/2019 11:30:00 AM,THEFT,OVER $500,RESIDENCE-GARAGE,False,False,1732,17.0,35.0,,
24825,11/06/2019 10:47:00 PM,HOMICIDE,FIRST DEGREE MURDER,CHA PARKING LOT,True,False,533,5.0,9.0,41.655804559,-87.59615609
11885355,11/07/2019 08:30:00 PM,NARCOTICS,POSS: CANNABIS 30GMS OR LESS,STREET,True,False,833,8.0,13.0,41.772450301,-87.742090278
12535913,11/07/2019 08:30:00 PM,THEFT,$500 AND UNDER,STREET,False,False,713,7.0,16.0,,
24826,11/07/2019 09:38:00 PM,HOMICIDE,FIRST DEGREE MURDER,HOUSE,True,False,633,6.0,9.0,41.73198464,-87.611325102
24827,11/07/2019 10:30:00 PM,HOMICIDE,FIRST DEGREE MURDER,STREET,False,False,834,8.0,18.0,41.745450959,-87.704708211
12453491,11/07/2019 12:00:00 AM,DECEPTIVE PRACTICE,ILLEGAL USE CASH CARD,BANK,False,False,1915,19.0,46.0,,
24828,11/08/2019 02:39:00 PM,HOMICIDE,FIRST DEGREE MURDER,STAIRWELL,False,False,713,7.0,16.0,41.779485877,-87.663444841
24830,11/09/2019 09:30:00 PM,HOMICIDE,FIRST DEGREE MURDER,PORCH,True,False,2422,24.0,49.0,42.021178385,-87.672344589
12235766,11/09/2019 12:00:00 AM,OTHER OFFENSE,OTHER VEHICLE OFFENSE,STREET,False,False,2512,25.0,36.0,,
24831,11/10/2019 04:02:00 AM,HOMICIDE,FIRST DEGREE MURDER,STREET,False,False,2422,24.0,49.0,42.020809541,-87.670721771
24832,11/10/2019 06:40:00 PM,HOMICIDE,FIRST DEGREE MURDER,STREET,False,False,332,3.0,5.0,41.76622433,-87.57829932
12403372,11/10/2019 07:45:00 AM,CRIMINAL DAMAGE,TO VEHICLE,STREET,False,False,2512,25.0,36.0,,
11888421,11/10/2019 10:00:00 PM,BURGLARY,FORCIBLE ENTRY,RESTAURANT,False,False,834,8.0,18.0,41.751694616,-87.741459876
24833,11/11/2019 02:52:00 AM,HOMICIDE,FIRST DEGREE MURDER,STREET,True,False,1634,16.0,38.0,41.953255038,-87.760906542
12228197,11/11/2019 11:59:00 PM,SEX OFFENSE,SEXUAL EXPLOITATION OF A CHILD,OTHER (SPECIFY),False,False,224,2.0,3.0,,
24835,11/12/2019 07:11:00 PM,HOMICIDE,FIRST DEGREE MURDER,APARTMENT,False,False,726,7.0,15.0,41.776657573,-87.6726324
11890569,11/13/2019 05:29:00 PM,ASSAULT,SIMPLE,STREET,False,False,1031,10.0,22.0,41.836877375,-87.72465408
12246860,11/13/2019 12:00:00 PM,DECEPTIVE PRACTICE,FINANCIAL IDENTITY THEFT $300 AND UNDER,APARTMENT,False,False,1934,19.0,44.0,,
24834,11/13/2019 12:10:00 AM,HOMICIDE,FIRST DEGREE MURDER,STREET,True,False,1031,10.0,22.0,41.835155571,-87.7187698
24838,11/15/2019 02:23:00 PM,HOMICIDE,FIRST DEGREE MURDER,STREET,False,False,1033,10.0,12.0,41.851345203,-87.70279155
24837,11/15/2019 08:38:00 PM,HOMICIDE,FIRST DEGREE MURDER,HOUSE,True,True,924,9.0,15.0,41.811308882,-87.668688973
12965783,11/15/2019 10:10:00 PM,DECEPTIVE PRACTICE,THEFT OF LABOR / SERVICES,APARTMENT,False,False,1913,19.0,46.0,,
24836,11/15/2019 10:14:00 AM,HOMICIDE,FIRST DEGREE MURDER,AUTO,True,False,1523,15.0,37.0,41.888186183,-87.75535096
12299072,11/15/2019 11:23:27 AM,NARCOTICS,POSSESS - HEROIN (WHITE),APARTMENT,True,False,1512,15.0,29.0,,
24839,11/16/2019 03:53:00 PM,HOMICIDE,FIRST DEGREE MURDER,AUTO,False,False,1031,10.0,22.0,41.841533464,-87.724477839
24840,11/17/2019 02:26:00 AM,HOMICIDE,FIRST DEGREE MURDER,RESTAURANT,True,False,432,4.0,10.0,41.70268678,-87.526025149
24841,11/19/2019 05:59:00 PM,HOMICIDE,FIRST DEGREE MURDER,AUTO,False,False,432,4.0,10.0,41.69631367,-87.538905821
24842,11/19/2019 10:20:00 PM,HOMICIDE,FIRST DEGREE MURDER,HOUSE,True,True,2232,22.0,34.0,41.707975258,-87.64772581
24843,11/20/2019 04:50:00 PM,HOMICIDE,FIRST DEGREE MURDER,STREET,True,False,1024,10.0,24.0,41.85482707,-87.711236547
24844,11/20/2019 07:58:00 PM,HOMICIDE,FIRST DEGREE MURDER,STREET,False,False,732,7.0,6.0,41.761072795,-87.641868203
12242119,11/20/2019 09:40:00 AM,DECEPTIVE PRACTICE,FINANCIAL IDENTITY THEFT OVER $ 300,,False,False,1433,14.0,2.0,,
11899639,11/21/2019 03:57:00 PM,ASSAULT,SIMPLE,STREET,False,False,533,5.0,9.0,41.657321469,-87.606385112
24845,11/21/2019 07:21:00 PM,HOMICIDE,FIRST DEGREE MURDER,YARD,False,False,1011,10.0,24.0,41.864033702,-87.717792133
13045046,11/21/2019 12:00:00 AM,THEFT,OVER $500,APARTMENT,False,False,722,7.0,6.0,,
11902558,11/22/2019 01:30:00 PM,BATTERY,SIMPLE,OTHER,False,False,2211,22.0,19.0,41.683935861,-87.721810757
11900087,11/22/2019 06:50:00 PM,BATTERY,SIMPLE,STREET,False,True,1522,15.0,29.0,41.879332525,-87.75848957
12256529,11/22/2019 07:30:00 PM,OTHER OFFENSE,TELEPHONE THREAT,RESIDENCE,False,True,2222,22.0,21.0,,
12263642,11/22/2019 12:00:00 AM,DECEPTIVE PRACTICE,FINANCIAL IDENTITY THEFT OVER $ 300,RESIDENCE,False,False,614,6.0,18.0,,
24846,11/23/2019 08:49:00 AM,HOMICIDE,FIRST DEGREE MURDER,CHA PARKING LOT,True,False,1233,12.0,25.0,41.865808939,-87.659093458
11907419,11/24/2019 07:00:00 PM,OFFENSE INVOLVING CHILDREN,SEXUAL ASSAULT OF CHILD BY FAMILY MEMBER,RESIDENCE,True,True,1511,15.0,29.0,41.894140147,-87.775108917
11902829,11/25/2019 08:10:00 AM,THEFT,POCKET-PICKING,CTA TRAIN,False,False,111,1.0,42.0,,
11906299,11/26/2019 02:30:00 PM,THEFT,OVER $500,STREET,False,False,122,1.0,42.0,41.885729935,-87.63439273
24849,11/26/2019 04:22:00 PM,HOMICIDE,FIRST DEGREE MURDER,STREET,False,False,412,4.0,8.0,41.743533066,-87.568543393
24848,11/26/2019 04:22:00 PM,HOMICIDE,FIRST DEGREE MURDER,AUTO,False,False,323,3.0,6.0,41.759367459,-87.607862507
24847,11/26/2019 11:54:00 PM,HOMICIDE,FIRST DEGREE MURDER,HOUSE,True,False,412,4.0,8.0,41.739927782,-87.578197066
11906437,11/27/2019 04:10:00 PM,THEFT,$500 AND UNDER,RESIDENCE PORCH/HALLWAY,False,False,221,2.0,3.0,,
24850,11/28/2019 01:08:00 AM,HOMICIDE,FIRST DEGREE MURDER,AUTO,True,False,613,6.0,21.0,41.743300533,-87.647797185
11905130,11/28/2019 01:48:00 AM,BATTERY,SIMPLE,SIDEWALK,True,False,1924,19.0,44.0,41.94670237,-87.656117076
12382773,11/28/2019 04:00:00 PM,BATTERY,DOMESTIC BATTERY SIMPLE,RESIDENCE,False,True,834,8.0,18.0,,
11912669,11/29/2019 01:30:00 PM,DECEPTIVE PRACTICE,CREDIT CARD FRAUD,OTHER,False,False,1911,19.0,40.0,,
24851,11/29/2019 11:32:00 PM,HOMICIDE,FIRST DEGREE MURDER,STREET,False,False,211,2.0,3.0,41.834687797,-87.624251791
11910349,11/29/2019 12:31:00 PM,THEFT,$500 AND UNDER,APARTMENT,False,False,622,6.0,21.0,,
24852,11/30/2019 02:53:00 AM,HOMICIDE,FIRST DEGREE MURDER,STREET,False,False,1531,15.0,37.0,41.900435459,-87.75405772
24853,11/30/2019 05:34:00 PM,HOMICIDE,FIRST DEGREE MURDER,STREET,False,False,725,7.0,16.0,41.776863173,-87.661708695
11909185,11/30/2019 12:00:00 AM,THEFT,$500 AND UNDER,VEHICLE NON-COMMERCIAL,False,False,1932,19.0,32.0,,
12263607,12/01/2019 08:00:00 AM,DECEPTIVE PRACTICE,FINANCIAL IDENTITY THEFT OVER $ 300,RESIDENCE,False,False,835,8.0,18.0,,
12657967,12/01/2019 10:00:00 AM,DECEPTIVE PRACTICE,FINANCIAL IDENTITY THEFT $300 AND UNDER,RESIDENCE,False,False,1411,14.0,32.0,,
12866022,12/01/2019 12:00:00 AM,THEFT,OVER $500,APARTMENT,False,False,1232,12.0,25.0,,
24856,12/02/2019 10:46:00 AM,HOMICIDE,FIRST DEGREE MURDER,HOUSE,False,False,1511,15.0,29.0,41.891942506,-87.769034916
24854,12/03/2019 01:07:00 PM,HOMICIDE,FIRST DEGREE MURDER,CTA SUBWAY STATION,True,False,2422,24.0,49.0,42.018498254,-87.672983233
11910149,12/03/2019 06:30:00 AM,THEFT,OVER $500,STREET,False,False,1225,12.0,28.0,,
24855,12/03/2019 07:21:00 PM,HOMICIDE,FIRST DEGREE MURDER,APARTMENT,False,False,1611,16.0,41.0,42.014181076,-87.806608294
12910311,12/03/2019 11:00:00 PM,BATTERY,SIMPLE,APARTMENT,False,True,2533,25.0,37.0,,
24857,12/03/2019 11:53:00 PM,HOMICIDE,FIRST DEGREE MURDER,AUTO,False,False,815,8.0,22.0,41.810862983,-87.739591315
24858,12/04/2019 03:24:00 PM,HOMICIDE,FIRST DEGREE MURDER,STREET,False,False,421,4.0,7.0,41.758439713,-87.561508957
11927667,12/05/2019 01:49:00 PM,THEFT,OVER $500,RESIDENCE PORCH/HALLWAY,False,False,513,5.0,34.0,,
24860,12/05/2019 09:53:00 AM,HOMICIDE,FIRST DEGREE MURDER,HOUSE,False,False,511,5.0,9.0,41.719297803,-87.615287553
11914795,12/06/2019 01:49:00 PM,THEFT,$500 AND UNDER,APARTMENT,False,False,1432,14.0,32.0,,
24861,12/06/2019 05:01:00 PM,HOMICIDE,FIRST DEGREE MURDER,AUTO,True,False,922,9.0,15.0,41.814887356,-87.701751626
11921802,12/06/2019 08:15:00 PM,THEFT,OVER $500,AIRCRAFT,False,False,1651,16.0,41.0,,
12877011,12/06/2019 12:00:00 AM,OFFENSE INVOLVING CHILDREN,AGGRAVATED CRIMINAL SEXUAL ABUSE BY FAMILY MEMBER,APARTMENT,False,True,1034,10.0,12.0,,
11915013,12/08/2019 02:00:00 AM,BATTERY,SIMPLE,STREET,False,False,1924,19.0,44.0,41.942979988,-87.65312402
11936901,12/08/2019 08:30:00 AM,THEFT,OVER $500,AIRCRAFT,False,False,1651,16.0,41.0,,
24863,12/08/2019 08:32:00 PM,HOMICIDE,FIRST DEGREE MURDER,RESTAURANT,True,False,1634,16.0,45.0,41.953348184,-87.752678151
24862,12/08/2019 12:33:00 PM,HOMICIDE,FIRST DEGREE MURDER,STREET,False,False,2223,22.0,21.0,41.735215323,-87.639943666
24864,12/09/2019 09:18:00 AM,HOMICIDE,FIRST DEGREE MURDER,STREET,True,False,823,8.0,16.0,41.780204177,-87.694641976
24866,12/10/2019 05:32:00 PM,HOMICIDE,FIRST DEGREE MURDER,STREET,False,False,1133,11.0,24.0,41.871729409,-87.716921564
12401362,12/11/2019 12:00:00 PM,DECEPTIVE PRACTICE,CREDIT CARD FRAUD,APARTMENT,False,False,1621,16.0,41.0,,
24867,12/12/2019 02:42:00 PM,HOMICIDE,FIRST DEGREE MURDER,AUTO,False,False,323,3.0,6.0,41.764797653,-87.624889913
12710491,12/13/2019 09:00:00 AM,DECEPTIVE PRACTICE,FINANCIAL IDENTITY THEFT $300 AND UNDER,APARTMENT,False,False,1113,11.0,28.0,,
11921875,12/13/2019 12:00:00 PM,OFFENSE INVOLVING CHILDREN,AGGRAVATED CRIMINAL SEXUAL ABUSE BY FAMILY MEMBER,RESIDENCE,False,True,524,5.0,21.0,41.682493674,-87.65179998
24868,12/14/2019 04:10:00 PM,HOMICIDE,FIRST DEGREE MURDER,ALLEY,False,False,434,4.0,10.0,41.69773816,-87.561484552
11924798,12/15/2019 01:15:00 PM,THEFT,FROM BUILDING,RESIDENCE PORCH/HALLWAY,False,False,1925,19.0,44.0,,
24869,12/15/2019 05:02:00 AM,HOMICIDE,FIRST DEGREE MURDER,STREET,False,False,1034,10.0,12.0,41.848982621,-87.690456809
11963927,12/16/2019 12:45:00 PM,THEFT,FROM BUILDING,RESIDENCE PORCH/HALLWAY,False,False,1931,19.0,32.0,,
24870,12/17/2019 03:53:00 PM,HOMICIDE,FIRST DEGREE MURDER,STREET,False,False,1121,11.0,27.0,41.895513492,-87.710761053
11925187,12/17/2019 11:00:00 PM,THEFT,OVER $500,STREET,False,False,726,7.0,16.0,41.776887047,-87.67627791
11945539,12/17/2019 11:10:00 AM,NARCOTICS,POSSESS - CANNABIS MORE THAN 30 GRAMS,POLICE FACILITY / VEHICLE PARKING LOT,True,False,1134,11.0,24.0,,
11934104,12/19/2019 04:30:00 PM,THEFT,$500 AND UNDER,RESIDENCE PORCH/HALLWAY,False,False,1921,19.0,47.0,,
24871,12/19/2019 04:59:00 PM,HOMICIDE,FIRST DEGREE MURDER,STREET,True,False,633,6.0,9.0,41.725984133,-87.609351834
11937809,12/20/2019 04:48:00 PM,THEFT,$500 AND UNDER,APARTMENT,False,False,1911,19.0,47.0,,
24873,12/20/2019 09:33:00 PM,HOMICIDE,FIRST DEGREE MURDER,PORCH,False,False,1532,15.0,37.0,41.889326565,-87.753474987
24872,12/20/2019 11:50:00 AM,HOMICIDE,FIRST DEGREE MURDER,APARTMENT,True,True,1923,19.0,46.0,41.953633852,-87.650952017
12888011,12/20/2019 12:00:00 AM,SEX OFFENSE,AGGRAVATED CRIMINAL SEXUAL ABUSE,RESIDENCE,False,False,1434,14.0,32.0,41.911090855,-87.675035637
12387345,12/20/2019 12:00:00 PM,DECEPTIVE PRACTICE,FINANCIAL IDENTITY THEFT $300 AND UNDER,APARTMENT,False,False,1423,14.0,26.0,,
11930298,12/21/2019 01:00:00 PM,MOTOR VEHICLE THEFT,AUTOMOBILE,RESIDENCE - GARAGE,False,False,2223,22.0,9.0,41.728079819,-87.638533054
24874,12/21/2019 01:56:00 AM,HOMICIDE,FIRST DEGREE MURDER,STREET,False,False,324,3.0,7.0,41.761839336,-87.588448717
24876,12/21/2019 02:53:00 PM,HOMICIDE,FIRST DEGREE MURDER,STREET,True,False,825,8.0,16.0,41.784145723,-87.692311228
24875,12/21/2019 04:56:00 AM,HOMICIDE,FIRST DEGREE MURDER,APARTMENT,True,True,2431,24.0,49.0,42.007822658,-87.670952227
24877,12/22/2019 09:48:00 PM,HOMICIDE,FIRST DEGREE MURDER,GAS STATION,False,False,1134,11.0,24.0,41.873635421,-87.710081187
12704054,12/23/2019 03:10:00 PM,DECEPTIVE PRACTICE,FINANCIAL IDENTITY THEFT OVER $ 300,OTHER (SPECIFY),False,False,1012,10.0,24.0,,
24878,12/23/2019 11:01:00 PM,HOMICIDE,FIRST DEGREE MURDER,STREET,True,False,512,5.0,9.0,41.701953638,-87.60568122
12474307,12/23/2019 12:00:00 AM,DECEPTIVE PRACTICE,FINANCIAL IDENTITY THEFT OVER $ 300,RESIDENCE,False,False,524,5.0,34.0,,
24879,12/24/2019 06:35:00 PM,HOMICIDE,FIRST DEGREE MURDER,STREET,False,False,1524,15.0,37.0,41.893727596,-87.762088481
12285749,12/24/2019 08:00:00 AM,BURGLARY,FORCIBLE ENTRY,RESIDENCE,False,False,1533,15.0,28.0,,
11932248,12/24/2019 11:20:00 AM,DECEPTIVE PRACTICE,CREDIT CARD FRAUD,RESIDENCE,False,False,915,9.0,11.0,,
24880,12/25/2019 10:53:00 AM,HOMICIDE,FIRST DEGREE MURDER,HOTEL,True,False,2222,22.0,21.0,41.721347217,-87.65215149
12111727,12/27/2019 01:10:00 PM,THEFT,OVER $500,CTA PARKING LOT / GARAGE / OTHER PROPERTY,False,False,915,9.0,11.0,,
24881,12/27/2019 07:51:00 PM,HOMICIDE,FIRST DEGREE MURDER,AUTO,True,False,2532,25.0,37.0,41.903140345,-87.757144655
11992544,12/27/2019 08:01:00 AM,NARCOTICS,MANUFACTURE / DELIVER -  HEROIN (WHITE),SIDEWALK,True,False,1524,15.0,37.0,,
24883,12/27/2019 11:31:00 PM,HOMICIDE,FIRST DEGREE MURDER,ALLEY,False,False,611,6.0,17.0,41.750334163,-87.66502699
11935007,12/28/2019 12:00:00 AM,THEFT,OVER $500,STREET,False,False,1034,10.0,25.0,,
11936887,12/28/2019 12:00:00 AM,DECEPTIVE PRACTICE,CREDIT CARD FRAUD,RESIDENCE,False,False,2211,22.0,19.0,,
24884,12/29/2019 08:14:00 AM,HOMICIDE,FIRST DEGREE MURDER,AUTO,False,False,923,9.0,14.0,41.800052761,-87.691532908
24885,12/29/2019 09:41:00 AM,HOMICIDE,FIRST DEGREE MURDER,STREET,False,False,1234,12.0,25.0,41.854098209,-87.66928493
24886,12/29/2019 11:25:00 AM,HOMICIDE,FIRST DEGREE MURDER,STREET,True,False,921,9.0,12.0,41.821761535,-87.700711857
24887,12/30/2019 03:53:00 AM,HOMICIDE,FIRST DEGREE MURDER,STREET,False,False,2515,25.0,36.0,41.922076316,-87.771135862
12541586,12/30/2019 04:35:00 PM,DECEPTIVE PRACTICE,FINANCIAL IDENTITY THEFT OVER $ 300,APARTMENT,False,False,1235,12.0,25.0,,
24888,12/30/2019 12:07:00 PM,HOMICIDE,FIRST DEGREE MURDER,STREET,True,False,331,3.0,5.0,41.769845631,-87.572299952
12284433,12/31/2019 12:00:00 AM,DECEPTIVE PRACTICE,FINANCIAL IDENTITY THEFT OVER $ 300,RESIDENCE,False,False,423,4.0,7.0,,
